timestamp,symbol,tag,detail,trade_id,position_id,pending_exit_reason,pending_modify_reason,modify_count,active_model_pack_dir,pack_dir_at_entry,tx_authority_enabled,runtime_reload_status,account_login,account_server,ea_version,log_schema_version
2026.01.05 00:00:00,US100,init,,,0,,,0,triple_sigma_pack_long_step16,,1,INIT,81957644,FPMarketsSC-Live,0.2.0,2.0
2026.01.05 00:00:00,US100,runtime_reload_attempt,revision=step21_reload_success_v1 target=triple_sigma_pack_step15_q1 force_fail=false,,0,,,0,triple_sigma_pack_long_step16,,1,APPLYING,81957644,FPMarketsSC-Live,0.2.0,2.0
2026.01.05 00:00:00,US100,runtime_reload_success,revision=step21_reload_success_v1 active=triple_sigma_pack_step15_q1,,0,,,0,triple_sigma_pack_step15_q1,,1,RELOADED,81957644,FPMarketsSC-Live,0.2.0,2.0
2026.01.05 09:10:00,US100,entry_logged,trade_id=TS_00001 tx=TX_DEAL deal=2,TS_00001,2,,,0,triple_sigma_pack_step15_q1,triple_sigma_pack_step15_q1,1,RELOADED,81957644,FPMarketsSC-Live,0.2.0,2.0
2026.01.05 10:12:34,US100,exit_logged,trade_id=TS_00001 tx=TX_DEAL deal=3 reason=SL price=25350.25000000 pnl=-6.06,TS_00001,2,,,0,triple_sigma_pack_step15_q1,triple_sigma_pack_step15_q1,1,RELOADED,81957644,FPMarketsSC-Live,0.2.0,2.0
2026.01.05 10:45:00,US100,entry_logged,trade_id=TS_00002 tx=TX_DEAL deal=4,TS_00002,4,,,0,triple_sigma_pack_step15_q1,triple_sigma_pack_step15_q1,1,RELOADED,81957644,FPMarketsSC-Live,0.2.0,2.0
2026.01.05 11:25:24,US100,exit_logged,trade_id=TS_00002 tx=TX_DEAL deal=5 reason=SL price=25337.65000000 pnl=-3.97,TS_00002,4,,,0,triple_sigma_pack_step15_q1,triple_sigma_pack_step15_q1,1,RELOADED,81957644,FPMarketsSC-Live,0.2.0,2.0
2026.01.05 12:30:00,US100,entry_logged,trade_id=TS_00003 tx=TX_DEAL deal=6,TS_00003,6,,,0,triple_sigma_pack_step15_q1,triple_sigma_pack_step15_q1,1,RELOADED,81957644,FPMarketsSC-Live,0.2.0,2.0
2026.01.05 15:22:31,US100,exit_logged,trade_id=TS_00003 tx=TX_DEAL deal=7 reason=SL price=25358.40000000 pnl=-4.42,TS_00003,6,,,0,triple_sigma_pack_step15_q1,triple_sigma_pack_step15_q1,1,RELOADED,81957644,FPMarketsSC-Live,0.2.0,2.0
2026.01.05 16:35:00,US100,entry_logged,trade_id=TS_00004 tx=TX_DEAL deal=8,TS_00004,8,,,0,triple_sigma_pack_step15_q1,triple_sigma_pack_step15_q1,1,RELOADED,81957644,FPMarketsSC-Live,0.2.0,2.0
2026.01.05 16:43:33,US100,exit_logged,trade_id=TS_00004 tx=TX_DEAL deal=9 reason=SL price=25443.00000000 pnl=-4.90,TS_00004,8,,,0,triple_sigma_pack_step15_q1,triple_sigma_pack_step15_q1,1,RELOADED,81957644,FPMarketsSC-Live,0.2.0,2.0
2026.01.05 16:50:00,US100,entry_logged,trade_id=TS_00005 tx=TX_DEAL deal=10,TS_00005,10,,,0,triple_sigma_pack_step15_q1,triple_sigma_pack_step15_q1,1,RELOADED,81957644,FPMarketsSC-Live,0.2.0,2.0
2026.01.05 20:18:23,US100,exit_logged,trade_id=TS_00005 tx=TX_DEAL deal=11 reason=SL price=25398.40000000 pnl=-5.51,TS_00005,10,,,0,triple_sigma_pack_step15_q1,triple_sigma_pack_step15_q1,1,RELOADED,81957644,FPMarketsSC-Live,0.2.0,2.0
2026.01.05 20:25:00,US100,entry_logged,trade_id=TS_00006 tx=TX_DEAL deal=12,TS_00006,12,,,0,triple_sigma_pack_step15_q1,triple_sigma_pack_step15_q1,1,RELOADED,81957644,FPMarketsSC-Live,0.2.0,2.0
2026.01.05 21:36:35,US100,exit_logged,trade_id=TS_00006 tx=TX_DEAL deal=13 reason=SL price=25413.40000000 pnl=-5.60,TS_00006,12,,,0,triple_sigma_pack_step15_q1,triple_sigma_pack_step15_q1,1,RELOADED,81957644,FPMarketsSC-Live,0.2.0,2.0
2026.01.05 22:00:00,US100,entry_logged,trade_id=TS_00007 tx=TX_DEAL deal=14,TS_00007,14,,,0,triple_sigma_pack_step15_q1,triple_sigma_pack_step15_q1,1,RELOADED,81957644,FPMarketsSC-Live,0.2.0,2.0
2026.01.06 02:12:18,US100,exit_logged,trade_id=TS_00007 tx=TX_DEAL deal=15 reason=SL price=25399.60000000 pnl=-7.24,TS_00007,14,,,0,triple_sigma_pack_step15_q1,triple_sigma_pack_step15_q1,1,RELOADED,81957644,FPMarketsSC-Live,0.2.0,2.0
2026.01.06 06:35:00,US100,entry_logged,trade_id=TS_00008 tx=TX_DEAL deal=16,TS_00008,16,,,0,triple_sigma_pack_step15_q1,triple_sigma_pack_step15_q1,1,RELOADED,81957644,FPMarketsSC-Live,0.2.0,2.0
2026.01.06 10:02:37,US100,exit_logged,trade_id=TS_00008 tx=TX_DEAL deal=17 reason=SL price=25469.10000000 pnl=-5.37,TS_00008,16,,,0,triple_sigma_pack_step15_q1,triple_sigma_pack_step15_q1,1,RELOADED,81957644,FPMarketsSC-Live,0.2.0,2.0
2026.01.06 10:45:00,US100,entry_logged,trade_id=TS_00009 tx=TX_DEAL deal=18,TS_00009,18,,,0,triple_sigma_pack_step15_q1,triple_sigma_pack_step15_q1,1,RELOADED,81957644,FPMarketsSC-Live,0.2.0,2.0
2026.01.06 16:45:00,US100,exit_logged,trade_id=TS_00009 tx=TX_DEAL deal=19 reason=FORCE_EXIT price=25505.10000000 pnl=37.49,TS_00009,18,FORCE_EXIT,,0,triple_sigma_pack_step15_q1,triple_sigma_pack_step15_q1,1,RELOADED,81957644,FPMarketsSC-Live,0.2.0,2.0
2026.01.06 17:40:00,US100,entry_logged,trade_id=TS_00010 tx=TX_DEAL deal=20,TS_00010,20,,,0,triple_sigma_pack_step15_q1,triple_sigma_pack_step15_q1,1,RELOADED,81957644,FPMarketsSC-Live,0.2.0,2.0
2026.01.06 19:37:09,US100,exit_logged,trade_id=TS_00010 tx=TX_DEAL deal=21 reason=SL price=25603.90000000 pnl=-4.26,TS_00010,20,,,0,triple_sigma_pack_step15_q1,triple_sigma_pack_step15_q1,1,RELOADED,81957644,FPMarketsSC-Live,0.2.0,2.0
2026.01.06 19:45:00,US100,entry_logged,trade_id=TS_00011 tx=TX_DEAL deal=22,TS_00011,22,,,0,triple_sigma_pack_step15_q1,triple_sigma_pack_step15_q1,1,RELOADED,81957644,FPMarketsSC-Live,0.2.0,2.0
2026.01.07 02:45:00,US100,exit_logged,trade_id=TS_00011 tx=TX_DEAL deal=23 reason=FORCE_EXIT price=25663.20000000 pnl=9.92,TS_00011,22,FORCE_EXIT,,0,triple_sigma_pack_step15_q1,triple_sigma_pack_step15_q1,1,RELOADED,81957644,FPMarketsSC-Live,0.2.0,2.0
2026.01.07 06:50:00,US100,entry_logged,trade_id=TS_00012 tx=TX_DEAL deal=24,TS_00012,24,,,0,triple_sigma_pack_step15_q1,triple_sigma_pack_step15_q1,1,RELOADED,81957644,FPMarketsSC-Live,0.2.0,2.0
2026.01.07 08:15:20,US100,exit_logged,trade_id=TS_00012 tx=TX_DEAL deal=25 reason=SL price=25640.30000000 pnl=-4.69,TS_00012,24,,,0,triple_sigma_pack_step15_q1,triple_sigma_pack_step15_q1,1,RELOADED,81957644,FPMarketsSC-Live,0.2.0,2.0
2026.01.07 09:05:00,US100,entry_logged,trade_id=TS_00013 tx=TX_DEAL deal=26,TS_00013,26,,,0,triple_sigma_pack_step15_q1,triple_sigma_pack_step15_q1,1,RELOADED,81957644,FPMarketsSC-Live,0.2.0,2.0
2026.01.07 10:00:04,US100,exit_logged,trade_id=TS_00013 tx=TX_DEAL deal=27 reason=SL price=25604.20000000 pnl=-5.76,TS_00013,26,,,0,triple_sigma_pack_step15_q1,triple_sigma_pack_step15_q1,1,RELOADED,81957644,FPMarketsSC-Live,0.2.0,2.0
2026.01.07 10:30:00,US100,entry_logged,trade_id=TS_00014 tx=TX_DEAL deal=28,TS_00014,28,,,0,triple_sigma_pack_step15_q1,triple_sigma_pack_step15_q1,1,RELOADED,81957644,FPMarketsSC-Live,0.2.0,2.0
2026.01.07 10:50:10,US100,exit_logged,trade_id=TS_00014 tx=TX_DEAL deal=29 reason=SL price=25605.20000000 pnl=-6.00,TS_00014,28,,,0,triple_sigma_pack_step15_q1,triple_sigma_pack_step15_q1,1,RELOADED,81957644,FPMarketsSC-Live,0.2.0,2.0
2026.01.07 11:15:00,US100,entry_logged,trade_id=TS_00015 tx=TX_DEAL deal=30,TS_00015,30,,,0,triple_sigma_pack_step15_q1,triple_sigma_pack_step15_q1,1,RELOADED,81957644,FPMarketsSC-Live,0.2.0,2.0
2026.01.07 12:06:00,US100,exit_logged,trade_id=TS_00015 tx=TX_DEAL deal=31 reason=SL price=25599.30000000 pnl=-4.57,TS_00015,30,,,0,triple_sigma_pack_step15_q1,triple_sigma_pack_step15_q1,1,RELOADED,81957644,FPMarketsSC-Live,0.2.0,2.0
2026.01.07 12:40:00,US100,entry_logged,trade_id=TS_00016 tx=TX_DEAL deal=32,TS_00016,32,,,0,triple_sigma_pack_step15_q1,triple_sigma_pack_step15_q1,1,RELOADED,81957644,FPMarketsSC-Live,0.2.0,2.0
2026.01.07 12:46:14,US100,exit_logged,trade_id=TS_00016 tx=TX_DEAL deal=33 reason=SL price=25570.70000000 pnl=-6.88,TS_00016,32,,,0,triple_sigma_pack_step15_q1,triple_sigma_pack_step15_q1,1,RELOADED,81957644,FPMarketsSC-Live,0.2.0,2.0
2026.01.07 13:00:00,US100,entry_logged,trade_id=TS_00017 tx=TX_DEAL deal=34,TS_00017,34,,,0,triple_sigma_pack_step15_q1,triple_sigma_pack_step15_q1,1,RELOADED,81957644,FPMarketsSC-Live,0.2.0,2.0
2026.01.07 16:34:25,US100,exit_logged,trade_id=TS_00017 tx=TX_DEAL deal=35 reason=TP price=25655.70000000 pnl=50.08,TS_00017,34,,,0,triple_sigma_pack_step15_q1,triple_sigma_pack_step15_q1,1,RELOADED,81957644,FPMarketsSC-Live,0.2.0,2.0
2026.01.07 17:05:00,US100,entry_logged,trade_id=TS_00018 tx=TX_DEAL deal=36,TS_00018,36,,,0,triple_sigma_pack_step15_q1,triple_sigma_pack_step15_q1,1,RELOADED,81957644,FPMarketsSC-Live,0.2.0,2.0
2026.01.07 17:28:46,US100,exit_logged,trade_id=TS_00018 tx=TX_DEAL deal=37 reason=SL price=25713.30000000 pnl=-4.62,TS_00018,36,,,0,triple_sigma_pack_step15_q1,triple_sigma_pack_step15_q1,1,RELOADED,81957644,FPMarketsSC-Live,0.2.0,2.0
2026.01.07 17:50:00,US100,entry_logged,trade_id=TS_00019 tx=TX_DEAL deal=38,TS_00019,38,,,0,triple_sigma_pack_step15_q1,triple_sigma_pack_step15_q1,1,RELOADED,81957644,FPMarketsSC-Live,0.2.0,2.0
2026.01.07 22:15:11,US100,exit_logged,trade_id=TS_00019 tx=TX_DEAL deal=39 reason=SL price=25697.70000000 pnl=-6.73,TS_00019,38,,,0,triple_sigma_pack_step15_q1,triple_sigma_pack_step15_q1,1,RELOADED,81957644,FPMarketsSC-Live,0.2.0,2.0
2026.01.07 23:00:00,US100,entry_logged,trade_id=TS_00020 tx=TX_DEAL deal=40,TS_00020,40,,,0,triple_sigma_pack_step15_q1,triple_sigma_pack_step15_q1,1,RELOADED,81957644,FPMarketsSC-Live,0.2.0,2.0
2026.01.08 02:27:23,US100,exit_logged,trade_id=TS_00020 tx=TX_DEAL deal=41 reason=SL price=25651.80000000 pnl=-5.04,TS_00020,40,,,0,triple_sigma_pack_step15_q1,triple_sigma_pack_step15_q1,1,RELOADED,81957644,FPMarketsSC-Live,0.2.0,2.0
2026.01.08 06:20:00,US100,entry_logged,trade_id=TS_00021 tx=TX_DEAL deal=42,TS_00021,42,,,0,triple_sigma_pack_step15_q1,triple_sigma_pack_step15_q1,1,RELOADED,81957644,FPMarketsSC-Live,0.2.0,2.0
2026.01.08 06:25:03,US100,exit_logged,trade_id=TS_00021 tx=TX_DEAL deal=43 reason=SL price=25631.65000000 pnl=-4.14,TS_00021,42,,,0,triple_sigma_pack_step15_q1,triple_sigma_pack_step15_q1,1,RELOADED,81957644,FPMarketsSC-Live,0.2.0,2.0
2026.01.08 06:35:00,US100,entry_logged,trade_id=TS_00022 tx=TX_DEAL deal=44,TS_00022,44,,,0,triple_sigma_pack_step15_q1,triple_sigma_pack_step15_q1,1,RELOADED,81957644,FPMarketsSC-Live,0.2.0,2.0
2026.01.08 07:12:55,US100,exit_logged,trade_id=TS_00022 tx=TX_DEAL deal=45 reason=SL price=25613.80000000 pnl=-4.16,TS_00022,44,,,0,triple_sigma_pack_step15_q1,triple_sigma_pack_step15_q1,1,RELOADED,81957644,FPMarketsSC-Live,0.2.0,2.0
2026.01.08 07:25:00,US100,entry_logged,trade_id=TS_00023 tx=TX_DEAL deal=46,TS_00023,46,,,0,triple_sigma_pack_step15_q1,triple_sigma_pack_step15_q1,1,RELOADED,81957644,FPMarketsSC-Live,0.2.0,2.0
2026.01.08 08:05:38,US100,exit_logged,trade_id=TS_00023 tx=TX_DEAL deal=47 reason=TP price=25540.15000000 pnl=17.54,TS_00023,46,,,0,triple_sigma_pack_step15_q1,triple_sigma_pack_step15_q1,1,RELOADED,81957644,FPMarketsSC-Live,0.2.0,2.0
2026.01.08 09:00:00,US100,entry_logged,trade_id=TS_00024 tx=TX_DEAL deal=48,TS_00024,48,,,0,triple_sigma_pack_step15_q1,triple_sigma_pack_step15_q1,1,RELOADED,81957644,FPMarketsSC-Live,0.2.0,2.0
2026.01.08 09:01:42,US100,exit_logged,trade_id=TS_00024 tx=TX_DEAL deal=49 reason=SL price=25533.80000000 pnl=-5.40,TS_00024,48,,,0,triple_sigma_pack_step15_q1,triple_sigma_pack_step15_q1,1,RELOADED,81957644,FPMarketsSC-Live,0.2.0,2.0
2026.01.08 11:10:00,US100,entry_logged,trade_id=TS_00025 tx=TX_DEAL deal=50,TS_00025,50,,,0,triple_sigma_pack_step15_q1,triple_sigma_pack_step15_q1,1,RELOADED,81957644,FPMarketsSC-Live,0.2.0,2.0
2026.01.08 15:18:30,US100,exit_logged,trade_id=TS_00025 tx=TX_DEAL deal=51 reason=SL price=25644.15000000 pnl=-4.41,TS_00025,50,,,0,triple_sigma_pack_step15_q1,triple_sigma_pack_step15_q1,1,RELOADED,81957644,FPMarketsSC-Live,0.2.0,2.0
2026.01.08 15:50:00,US100,entry_logged,trade_id=TS_00026 tx=TX_DEAL deal=52,TS_00026,52,,,0,triple_sigma_pack_step15_q1,triple_sigma_pack_step15_q1,1,RELOADED,81957644,FPMarketsSC-Live,0.2.0,2.0
2026.01.08 16:42:55,US100,exit_logged,trade_id=TS_00026 tx=TX_DEAL deal=53 reason=TP price=25484.15000000 pnl=36.76,TS_00026,52,,,0,triple_sigma_pack_step15_q1,triple_sigma_pack_step15_q1,1,RELOADED,81957644,FPMarketsSC-Live,0.2.0,2.0
2026.01.08 17:10:00,US100,entry_logged,trade_id=TS_00027 tx=TX_DEAL deal=54,TS_00027,54,,,0,triple_sigma_pack_step15_q1,triple_sigma_pack_step15_q1,1,RELOADED,81957644,FPMarketsSC-Live,0.2.0,2.0
2026.01.08 23:10:00,US100,exit_logged,trade_id=TS_00027 tx=TX_DEAL deal=55 reason=FORCE_EXIT price=25537.15000000 pnl=-2.39,TS_00027,54,FORCE_EXIT,,0,triple_sigma_pack_step15_q1,triple_sigma_pack_step15_q1,1,RELOADED,81957644,FPMarketsSC-Live,0.2.0,2.0
2026.01.09 06:20:00,US100,entry_logged,trade_id=TS_00028 tx=TX_DEAL deal=56,TS_00028,56,,,0,triple_sigma_pack_step15_q1,triple_sigma_pack_step15_q1,1,RELOADED,81957644,FPMarketsSC-Live,0.2.0,2.0
2026.01.09 06:27:35,US100,exit_logged,trade_id=TS_00028 tx=TX_DEAL deal=57 reason=SL price=25520.15000000 pnl=-6.73,TS_00028,56,,,0,triple_sigma_pack_step15_q1,triple_sigma_pack_step15_q1,1,RELOADED,81957644,FPMarketsSC-Live,0.2.0,2.0
2026.01.09 06:35:00,US100,entry_logged,trade_id=TS_00029 tx=TX_DEAL deal=58,TS_00029,58,,,0,triple_sigma_pack_step15_q1,triple_sigma_pack_step15_q1,1,RELOADED,81957644,FPMarketsSC-Live,0.2.0,2.0
2026.01.09 06:53:16,US100,exit_logged,trade_id=TS_00029 tx=TX_DEAL deal=59 reason=SL price=25526.90000000 pnl=-5.72,TS_00029,58,,,0,triple_sigma_pack_step15_q1,triple_sigma_pack_step15_q1,1,RELOADED,81957644,FPMarketsSC-Live,0.2.0,2.0
2026.01.09 08:55:00,US100,entry_logged,trade_id=TS_00030 tx=TX_DEAL deal=60,TS_00030,60,,,0,triple_sigma_pack_step15_q1,triple_sigma_pack_step15_q1,1,RELOADED,81957644,FPMarketsSC-Live,0.2.0,2.0
2026.01.09 10:13:55,US100,exit_logged,trade_id=TS_00030 tx=TX_DEAL deal=61 reason=SL price=25545.90000000 pnl=-6.91,TS_00030,60,,,0,triple_sigma_pack_step15_q1,triple_sigma_pack_step15_q1,1,RELOADED,81957644,FPMarketsSC-Live,0.2.0,2.0
2026.01.09 10:25:00,US100,entry_logged,trade_id=TS_00031 tx=TX_DEAL deal=62,TS_00031,62,,,0,triple_sigma_pack_step15_q1,triple_sigma_pack_step15_q1,1,RELOADED,81957644,FPMarketsSC-Live,0.2.0,2.0
2026.01.09 11:04:12,US100,exit_logged,trade_id=TS_00031 tx=TX_DEAL deal=63 reason=SL price=25510.30000000 pnl=-6.70,TS_00031,62,,,0,triple_sigma_pack_step15_q1,triple_sigma_pack_step15_q1,1,RELOADED,81957644,FPMarketsSC-Live,0.2.0,2.0
2026.01.09 12:40:00,US100,entry_logged,trade_id=TS_00032 tx=TX_DEAL deal=64,TS_00032,64,,,0,triple_sigma_pack_step15_q1,triple_sigma_pack_step15_q1,1,RELOADED,81957644,FPMarketsSC-Live,0.2.0,2.0
2026.01.09 16:22:26,US100,exit_logged,trade_id=TS_00032 tx=TX_DEAL deal=65 reason=SL price=25557.55000000 pnl=-6.43,TS_00032,64,,,0,triple_sigma_pack_step15_q1,triple_sigma_pack_step15_q1,1,RELOADED,81957644,FPMarketsSC-Live,0.2.0,2.0
2026.01.09 17:30:00,US100,entry_logged,trade_id=TS_00033 tx=TX_DEAL deal=66,TS_00033,66,,,0,triple_sigma_pack_step15_q1,triple_sigma_pack_step15_q1,1,RELOADED,81957644,FPMarketsSC-Live,0.2.0,2.0
2026.01.09 18:52:47,US100,exit_logged,trade_id=TS_00033 tx=TX_DEAL deal=67 reason=SL price=25758.90000000 pnl=-5.34,TS_00033,66,,,0,triple_sigma_pack_step15_q1,triple_sigma_pack_step15_q1,1,RELOADED,81957644,FPMarketsSC-Live,0.2.0,2.0
2026.01.09 19:20:00,US100,entry_logged,trade_id=TS_00034 tx=TX_DEAL deal=68,TS_00034,68,,,0,triple_sigma_pack_step15_q1,triple_sigma_pack_step15_q1,1,RELOADED,81957644,FPMarketsSC-Live,0.2.0,2.0
2026.01.09 22:22:28,US100,exit_logged,trade_id=TS_00034 tx=TX_DEAL deal=69 reason=TP price=25828.55000000 pnl=16.35,TS_00034,68,,,0,triple_sigma_pack_step15_q1,triple_sigma_pack_step15_q1,1,RELOADED,81957644,FPMarketsSC-Live,0.2.0,2.0
2026.01.09 22:30:00,US100,entry_logged,trade_id=TS_00035 tx=TX_DEAL deal=70,TS_00035,70,,,0,triple_sigma_pack_step15_q1,triple_sigma_pack_step15_q1,1,RELOADED,81957644,FPMarketsSC-Live,0.2.0,2.0
2026.01.12 02:31:01,US100,exit_logged,trade_id=TS_00035 tx=TX_DEAL deal=71 reason=TP price=25705.10000000 pnl=59.06,TS_00035,70,,,0,triple_sigma_pack_step15_q1,triple_sigma_pack_step15_q1,1,RELOADED,81957644,FPMarketsSC-Live,0.2.0,2.0
2026.01.12 06:20:00,US100,entry_logged,trade_id=TS_00036 tx=TX_DEAL deal=72,TS_00036,72,,,0,triple_sigma_pack_step15_q1,triple_sigma_pack_step15_q1,1,RELOADED,81957644,FPMarketsSC-Live,0.2.0,2.0
2026.01.12 07:25:24,US100,exit_logged,trade_id=TS_00036 tx=TX_DEAL deal=73 reason=SL price=25569.25000000 pnl=-8.03,TS_00036,72,,,0,triple_sigma_pack_step15_q1,triple_sigma_pack_step15_q1,1,RELOADED,81957644,FPMarketsSC-Live,0.2.0,2.0
2026.01.12 07:55:00,US100,entry_logged,trade_id=TS_00037 tx=TX_DEAL deal=74,TS_00037,74,,,0,triple_sigma_pack_step15_q1,triple_sigma_pack_step15_q1,1,RELOADED,81957644,FPMarketsSC-Live,0.2.0,2.0
2026.01.12 08:06:18,US100,exit_logged,trade_id=TS_00037 tx=TX_DEAL deal=75 reason=SL price=25571.10000000 pnl=-7.50,TS_00037,74,,,0,triple_sigma_pack_step15_q1,triple_sigma_pack_step15_q1,1,RELOADED,81957644,FPMarketsSC-Live,0.2.0,2.0
2026.01.12 08:20:00,US100,entry_logged,trade_id=TS_00038 tx=TX_DEAL deal=76,TS_00038,76,,,0,triple_sigma_pack_step15_q1,triple_sigma_pack_step15_q1,1,RELOADED,81957644,FPMarketsSC-Live,0.2.0,2.0
2026.01.12 10:19:16,US100,exit_logged,trade_id=TS_00038 tx=TX_DEAL deal=77 reason=SL price=25549.00000000 pnl=-5.40,TS_00038,76,,,0,triple_sigma_pack_step15_q1,triple_sigma_pack_step15_q1,1,RELOADED,81957644,FPMarketsSC-Live,0.2.0,2.0
2026.01.12 10:55:00,US100,entry_logged,trade_id=TS_00039 tx=TX_DEAL deal=78,TS_00039,78,,,0,triple_sigma_pack_step15_q1,triple_sigma_pack_step15_q1,1,RELOADED,81957644,FPMarketsSC-Live,0.2.0,2.0
2026.01.12 16:50:31,US100,exit_logged,trade_id=TS_00039 tx=TX_DEAL deal=79 reason=TP price=25750.00000000 pnl=54.58,TS_00039,78,,,0,triple_sigma_pack_step15_q1,triple_sigma_pack_step15_q1,1,RELOADED,81957644,FPMarketsSC-Live,0.2.0,2.0
2026.01.12 17:35:00,US100,entry_logged,trade_id=TS_00040 tx=TX_DEAL deal=80,TS_00040,80,,,0,triple_sigma_pack_step15_q1,triple_sigma_pack_step15_q1,1,RELOADED,81957644,FPMarketsSC-Live,0.2.0,2.0
2026.01.12 23:35:00,US100,exit_logged,trade_id=TS_00040 tx=TX_DEAL deal=81 reason=FORCE_EXIT price=25824.00000000 pnl=11.94,TS_00040,80,FORCE_EXIT,,0,triple_sigma_pack_step15_q1,triple_sigma_pack_step15_q1,1,RELOADED,81957644,FPMarketsSC-Live,0.2.0,2.0
2026.01.13 06:45:00,US100,entry_logged,trade_id=TS_00041 tx=TX_DEAL deal=82,TS_00041,82,,,0,triple_sigma_pack_step15_q1,triple_sigma_pack_step15_q1,1,RELOADED,81957644,FPMarketsSC-Live,0.2.0,2.0
2026.01.13 06:49:17,US100,exit_logged,trade_id=TS_00041 tx=TX_DEAL deal=83 reason=SL price=25742.50000000 pnl=-6.75,TS_00041,82,,,0,triple_sigma_pack_step15_q1,triple_sigma_pack_step15_q1,1,RELOADED,81957644,FPMarketsSC-Live,0.2.0,2.0
2026.01.13 07:50:00,US100,entry_logged,trade_id=TS_00042 tx=TX_DEAL deal=84,TS_00042,84,,,0,triple_sigma_pack_step15_q1,triple_sigma_pack_step15_q1,1,RELOADED,81957644,FPMarketsSC-Live,0.2.0,2.0
2026.01.13 12:10:01,US100,exit_logged,trade_id=TS_00042 tx=TX_DEAL deal=85 reason=SL price=25749.40000000 pnl=-4.90,TS_00042,84,,,0,triple_sigma_pack_step15_q1,triple_sigma_pack_step15_q1,1,RELOADED,81957644,FPMarketsSC-Live,0.2.0,2.0
2026.01.13 12:25:00,US100,entry_logged,trade_id=TS_00043 tx=TX_DEAL deal=86,TS_00043,86,,,0,triple_sigma_pack_step15_q1,triple_sigma_pack_step15_q1,1,RELOADED,81957644,FPMarketsSC-Live,0.2.0,2.0
2026.01.13 13:33:27,US100,exit_logged,trade_id=TS_00043 tx=TX_DEAL deal=87 reason=SL price=25732.65000000 pnl=-6.71,TS_00043,86,,,0,triple_sigma_pack_step15_q1,triple_sigma_pack_step15_q1,1,RELOADED,81957644,FPMarketsSC-Live,0.2.0,2.0
2026.01.13 14:50:00,US100,entry_logged,trade_id=TS_00044 tx=TX_DEAL deal=88,TS_00044,88,,,0,triple_sigma_pack_step15_q1,triple_sigma_pack_step15_q1,1,RELOADED,81957644,FPMarketsSC-Live,0.2.0,2.0
2026.01.13 14:58:39,US100,exit_logged,trade_id=TS_00044 tx=TX_DEAL deal=89 reason=SL price=25749.15000000 pnl=-5.36,TS_00044,88,,,0,triple_sigma_pack_step15_q1,triple_sigma_pack_step15_q1,1,RELOADED,81957644,FPMarketsSC-Live,0.2.0,2.0
2026.01.13 15:05:00,US100,entry_logged,trade_id=TS_00045 tx=TX_DEAL deal=90,TS_00045,90,,,0,triple_sigma_pack_step15_q1,triple_sigma_pack_step15_q1,1,RELOADED,81957644,FPMarketsSC-Live,0.2.0,2.0
2026.01.13 15:19:26,US100,exit_logged,trade_id=TS_00045 tx=TX_DEAL deal=91 reason=SL price=25748.65000000 pnl=-6.69,TS_00045,90,,,0,triple_sigma_pack_step15_q1,triple_sigma_pack_step15_q1,1,RELOADED,81957644,FPMarketsSC-Live,0.2.0,2.0
2026.01.13 15:55:00,US100,entry_logged,trade_id=TS_00046 tx=TX_DEAL deal=92,TS_00046,92,,,0,triple_sigma_pack_step15_q1,triple_sigma_pack_step15_q1,1,RELOADED,81957644,FPMarketsSC-Live,0.2.0,2.0
2026.01.13 16:40:13,US100,exit_logged,trade_id=TS_00046 tx=TX_DEAL deal=93 reason=SL price=25873.25000000 pnl=-7.78,TS_00046,92,,,0,triple_sigma_pack_step15_q1,triple_sigma_pack_step15_q1,1,RELOADED,81957644,FPMarketsSC-Live,0.2.0,2.0
2026.01.13 17:55:00,US100,entry_logged,trade_id=TS_00047 tx=TX_DEAL deal=94,TS_00047,94,,,0,triple_sigma_pack_step15_q1,triple_sigma_pack_step15_q1,1,RELOADED,81957644,FPMarketsSC-Live,0.2.0,2.0
2026.01.13 18:27:12,US100,exit_logged,trade_id=TS_00047 tx=TX_DEAL deal=95 reason=SL price=25707.40000000 pnl=-6.22,TS_00047,94,,,0,triple_sigma_pack_step15_q1,triple_sigma_pack_step15_q1,1,RELOADED,81957644,FPMarketsSC-Live,0.2.0,2.0
2026.01.13 19:15:00,US100,entry_logged,trade_id=TS_00048 tx=TX_DEAL deal=96,TS_00048,96,,,0,triple_sigma_pack_step15_q1,triple_sigma_pack_step15_q1,1,RELOADED,81957644,FPMarketsSC-Live,0.2.0,2.0
2026.01.13 19:56:44,US100,exit_logged,trade_id=TS_00048 tx=TX_DEAL deal=97 reason=TP price=25739.75000000 pnl=35.25,TS_00048,96,,,0,triple_sigma_pack_step15_q1,triple_sigma_pack_step15_q1,1,RELOADED,81957644,FPMarketsSC-Live,0.2.0,2.0
2026.01.13 20:15:00,US100,entry_logged,trade_id=TS_00049 tx=TX_DEAL deal=98,TS_00049,98,,,0,triple_sigma_pack_step15_q1,triple_sigma_pack_step15_q1,1,RELOADED,81957644,FPMarketsSC-Live,0.2.0,2.0
2026.01.14 03:15:00,US100,exit_logged,trade_id=TS_00049 tx=TX_DEAL deal=99 reason=FORCE_EXIT price=25760.00000000 pnl=0.51,TS_00049,98,FORCE_EXIT,,0,triple_sigma_pack_step15_q1,triple_sigma_pack_step15_q1,1,RELOADED,81957644,FPMarketsSC-Live,0.2.0,2.0
2026.01.14 07:55:00,US100,entry_logged,trade_id=TS_00050 tx=TX_DEAL deal=100,TS_00050,100,,,0,triple_sigma_pack_step15_q1,triple_sigma_pack_step15_q1,1,RELOADED,81957644,FPMarketsSC-Live,0.2.0,2.0
2026.01.14 11:10:46,US100,exit_logged,trade_id=TS_00050 tx=TX_DEAL deal=101 reason=SL price=25732.25000000 pnl=-5.89,TS_00050,100,,,0,triple_sigma_pack_step15_q1,triple_sigma_pack_step15_q1,1,RELOADED,81957644,FPMarketsSC-Live,0.2.0,2.0
2026.01.14 11:45:00,US100,entry_logged,trade_id=TS_00051 tx=TX_DEAL deal=102,TS_00051,102,,,0,triple_sigma_pack_step15_q1,triple_sigma_pack_step15_q1,1,RELOADED,81957644,FPMarketsSC-Live,0.2.0,2.0
2026.01.14 12:34:13,US100,exit_logged,trade_id=TS_00051 tx=TX_DEAL deal=103 reason=TP price=25596.75000000 pnl=72.07,TS_00051,102,,,0,triple_sigma_pack_step15_q1,triple_sigma_pack_step15_q1,1,RELOADED,81957644,FPMarketsSC-Live,0.2.0,2.0
2026.01.14 13:15:00,US100,entry_logged,trade_id=TS_00052 tx=TX_DEAL deal=104,TS_00052,104,,,0,triple_sigma_pack_step15_q1,triple_sigma_pack_step15_q1,1,RELOADED,81957644,FPMarketsSC-Live,0.2.0,2.0
2026.01.14 14:23:42,US100,exit_logged,trade_id=TS_00052 tx=TX_DEAL deal=105 reason=SL price=25635.30000000 pnl=-7.19,TS_00052,104,,,0,triple_sigma_pack_step15_q1,triple_sigma_pack_step15_q1,1,RELOADED,81957644,FPMarketsSC-Live,0.2.0,2.0
2026.01.14 15:55:00,US100,entry_logged,trade_id=TS_00053 tx=TX_DEAL deal=106,TS_00053,106,,,0,triple_sigma_pack_step15_q1,triple_sigma_pack_step15_q1,1,RELOADED,81957644,FPMarketsSC-Live,0.2.0,2.0
2026.01.14 16:35:13,US100,exit_logged,trade_id=TS_00053 tx=TX_DEAL deal=107 reason=SL price=25647.55000000 pnl=-6.15,TS_00053,106,,,0,triple_sigma_pack_step15_q1,triple_sigma_pack_step15_q1,1,RELOADED,81957644,FPMarketsSC-Live,0.2.0,2.0
2026.01.14 16:50:00,US100,entry_logged,trade_id=TS_00054 tx=TX_DEAL deal=108,TS_00054,108,,,0,triple_sigma_pack_step15_q1,triple_sigma_pack_step15_q1,1,RELOADED,81957644,FPMarketsSC-Live,0.2.0,2.0
2026.01.14 18:51:08,US100,exit_logged,trade_id=TS_00054 tx=TX_DEAL deal=109 reason=TP price=25311.05000000 pnl=34.18,TS_00054,108,,,0,triple_sigma_pack_step15_q1,triple_sigma_pack_step15_q1,1,RELOADED,81957644,FPMarketsSC-Live,0.2.0,2.0
2026.01.14 19:10:00,US100,entry_logged,trade_id=TS_00055 tx=TX_DEAL deal=110,TS_00055,110,,,0,triple_sigma_pack_step15_q1,triple_sigma_pack_step15_q1,1,RELOADED,81957644,FPMarketsSC-Live,0.2.0,2.0
2026.01.14 21:31:22,US100,exit_logged,trade_id=TS_00055 tx=TX_DEAL deal=111 reason=SL price=25381.05000000 pnl=-7.37,TS_00055,110,,,0,triple_sigma_pack_step15_q1,triple_sigma_pack_step15_q1,1,RELOADED,81957644,FPMarketsSC-Live,0.2.0,2.0
2026.01.14 23:10:00,US100,entry_logged,trade_id=TS_00056 tx=TX_DEAL deal=112,TS_00056,112,,,0,triple_sigma_pack_step15_q1,triple_sigma_pack_step15_q1,1,RELOADED,81957644,FPMarketsSC-Live,0.2.0,2.0
2026.01.15 06:10:00,US100,exit_logged,trade_id=TS_00056 tx=TX_DEAL deal=113 reason=FORCE_EXIT price=25445.75000000 pnl=5.20,TS_00056,112,FORCE_EXIT,,0,triple_sigma_pack_step15_q1,triple_sigma_pack_step15_q1,1,RELOADED,81957644,FPMarketsSC-Live,0.2.0,2.0
2026.01.15 06:25:00,US100,entry_logged,trade_id=TS_00057 tx=TX_DEAL deal=114,TS_00057,114,,,0,triple_sigma_pack_step15_q1,triple_sigma_pack_step15_q1,1,RELOADED,81957644,FPMarketsSC-Live,0.2.0,2.0
2026.01.15 07:12:57,US100,exit_logged,trade_id=TS_00057 tx=TX_DEAL deal=115 reason=SL price=25471.75000000 pnl=-5.68,TS_00057,114,,,0,triple_sigma_pack_step15_q1,triple_sigma_pack_step15_q1,1,RELOADED,81957644,FPMarketsSC-Live,0.2.0,2.0
2026.01.15 08:05:00,US100,entry_logged,trade_id=TS_00058 tx=TX_DEAL deal=116,TS_00058,116,,,0,triple_sigma_pack_step15_q1,triple_sigma_pack_step15_q1,1,RELOADED,81957644,FPMarketsSC-Live,0.2.0,2.0
2026.01.15 08:10:13,US100,exit_logged,trade_id=TS_00058 tx=TX_DEAL deal=117 reason=SL price=25501.50000000 pnl=-6.76,TS_00058,116,,,0,triple_sigma_pack_step15_q1,triple_sigma_pack_step15_q1,1,RELOADED,81957644,FPMarketsSC-Live,0.2.0,2.0
2026.01.15 09:00:00,US100,entry_logged,trade_id=TS_00059 tx=TX_DEAL deal=118,TS_00059,118,,,0,triple_sigma_pack_step15_q1,triple_sigma_pack_step15_q1,1,RELOADED,81957644,FPMarketsSC-Live,0.2.0,2.0
2026.01.15 10:11:10,US100,exit_logged,trade_id=TS_00059 tx=TX_DEAL deal=119 reason=SL price=25585.00000000 pnl=-7.94,TS_00059,118,,,0,triple_sigma_pack_step15_q1,triple_sigma_pack_step15_q1,1,RELOADED,81957644,FPMarketsSC-Live,0.2.0,2.0
2026.01.15 10:25:00,US100,entry_logged,trade_id=TS_00060 tx=TX_DEAL deal=120,TS_00060,120,,,0,triple_sigma_pack_step15_q1,triple_sigma_pack_step15_q1,1,RELOADED,81957644,FPMarketsSC-Live,0.2.0,2.0
2026.01.15 15:49:04,US100,exit_logged,trade_id=TS_00060 tx=TX_DEAL deal=121 reason=TP price=25764.85000000 pnl=70.06,TS_00060,120,,,0,triple_sigma_pack_step15_q1,triple_sigma_pack_step15_q1,1,RELOADED,81957644,FPMarketsSC-Live,0.2.0,2.0
2026.01.15 15:55:00,US100,entry_logged,trade_id=TS_00061 tx=TX_DEAL deal=122,TS_00061,122,,,0,triple_sigma_pack_step15_q1,triple_sigma_pack_step15_q1,1,RELOADED,81957644,FPMarketsSC-Live,0.2.0,2.0
2026.01.15 16:35:05,US100,exit_logged,trade_id=TS_00061 tx=TX_DEAL deal=123 reason=SL price=25736.60000000 pnl=-6.58,TS_00061,122,,,0,triple_sigma_pack_step15_q1,triple_sigma_pack_step15_q1,1,RELOADED,81957644,FPMarketsSC-Live,0.2.0,2.0
2026.01.15 16:45:00,US100,entry_logged,trade_id=TS_00062 tx=TX_DEAL deal=124,TS_00062,124,,,0,triple_sigma_pack_step15_q1,triple_sigma_pack_step15_q1,1,RELOADED,81957644,FPMarketsSC-Live,0.2.0,2.0
2026.01.15 22:19:44,US100,exit_logged,trade_id=TS_00062 tx=TX_DEAL deal=125 reason=TP price=25568.95000000 pnl=47.23,TS_00062,124,,,0,triple_sigma_pack_step15_q1,triple_sigma_pack_step15_q1,1,RELOADED,81957644,FPMarketsSC-Live,0.2.0,2.0
2026.01.15 22:55:00,US100,entry_logged,trade_id=TS_00063 tx=TX_DEAL deal=126,TS_00063,126,,,0,triple_sigma_pack_step15_q1,triple_sigma_pack_step15_q1,1,RELOADED,81957644,FPMarketsSC-Live,0.2.0,2.0
2026.01.16 05:55:00,US100,exit_logged,trade_id=TS_00063 tx=TX_DEAL deal=127 reason=FORCE_EXIT price=25654.15000000 pnl=26.59,TS_00063,126,FORCE_EXIT,,0,triple_sigma_pack_step15_q1,triple_sigma_pack_step15_q1,1,RELOADED,81957644,FPMarketsSC-Live,0.2.0,2.0
2026.01.16 06:30:00,US100,entry_logged,trade_id=TS_00064 tx=TX_DEAL deal=128,TS_00064,128,,,0,triple_sigma_pack_step15_q1,triple_sigma_pack_step15_q1,1,RELOADED,81957644,FPMarketsSC-Live,0.2.0,2.0
2026.01.16 06:54:03,US100,exit_logged,trade_id=TS_00064 tx=TX_DEAL deal=129 reason=SL price=25672.50000000 pnl=-9.65,TS_00064,128,,,0,triple_sigma_pack_step15_q1,triple_sigma_pack_step15_q1,1,RELOADED,81957644,FPMarketsSC-Live,0.2.0,2.0
2026.01.16 07:10:00,US100,entry_logged,trade_id=TS_00065 tx=TX_DEAL deal=130,TS_00065,130,,,0,triple_sigma_pack_step15_q1,triple_sigma_pack_step15_q1,1,RELOADED,81957644,FPMarketsSC-Live,0.2.0,2.0
2026.01.16 10:40:42,US100,exit_logged,trade_id=TS_00065 tx=TX_DEAL deal=131 reason=SL price=25659.40000000 pnl=-9.93,TS_00065,130,,,0,triple_sigma_pack_step15_q1,triple_sigma_pack_step15_q1,1,RELOADED,81957644,FPMarketsSC-Live,0.2.0,2.0
2026.01.16 10:55:00,US100,entry_logged,trade_id=TS_00066 tx=TX_DEAL deal=132,TS_00066,132,,,0,triple_sigma_pack_step15_q1,triple_sigma_pack_step15_q1,1,RELOADED,81957644,FPMarketsSC-Live,0.2.0,2.0
2026.01.16 11:05:54,US100,exit_logged,trade_id=TS_00066 tx=TX_DEAL deal=133 reason=SL price=25704.00000000 pnl=-6.92,TS_00066,132,,,0,triple_sigma_pack_step15_q1,triple_sigma_pack_step15_q1,1,RELOADED,81957644,FPMarketsSC-Live,0.2.0,2.0
2026.01.16 12:15:00,US100,entry_logged,trade_id=TS_00067 tx=TX_DEAL deal=134,TS_00067,134,,,0,triple_sigma_pack_step15_q1,triple_sigma_pack_step15_q1,1,RELOADED,81957644,FPMarketsSC-Live,0.2.0,2.0
2026.01.16 14:55:42,US100,exit_logged,trade_id=TS_00067 tx=TX_DEAL deal=135 reason=SL price=25677.65000000 pnl=-10.25,TS_00067,134,,,0,triple_sigma_pack_step15_q1,triple_sigma_pack_step15_q1,1,RELOADED,81957644,FPMarketsSC-Live,0.2.0,2.0
2026.01.16 15:15:00,US100,entry_logged,trade_id=TS_00068 tx=TX_DEAL deal=136,TS_00068,136,,,0,triple_sigma_pack_step15_q1,triple_sigma_pack_step15_q1,1,RELOADED,81957644,FPMarketsSC-Live,0.2.0,2.0
2026.01.16 16:52:49,US100,exit_logged,trade_id=TS_00068 tx=TX_DEAL deal=137 reason=SL price=25664.90000000 pnl=-7.29,TS_00068,136,,,0,triple_sigma_pack_step15_q1,triple_sigma_pack_step15_q1,1,RELOADED,81957644,FPMarketsSC-Live,0.2.0,2.0
2026.01.16 17:10:00,US100,entry_logged,trade_id=TS_00069 tx=TX_DEAL deal=138,TS_00069,138,,,0,triple_sigma_pack_step15_q1,triple_sigma_pack_step15_q1,1,RELOADED,81957644,FPMarketsSC-Live,0.2.0,2.0
2026.01.16 23:10:00,US100,exit_logged,trade_id=TS_00069 tx=TX_DEAL deal=139 reason=FORCE_EXIT price=25540.80000000 pnl=11.42,TS_00069,138,FORCE_EXIT,,0,triple_sigma_pack_step15_q1,triple_sigma_pack_step15_q1,1,RELOADED,81957644,FPMarketsSC-Live,0.2.0,2.0
2026.01.16 23:20:00,US100,entry_logged,trade_id=TS_00070 tx=TX_DEAL deal=140,TS_00070,140,,,0,triple_sigma_pack_step15_q1,triple_sigma_pack_step15_q1,1,RELOADED,81957644,FPMarketsSC-Live,0.2.0,2.0
2026.01.19 01:01:00,US100,exit_logged,trade_id=TS_00070 tx=TX_DEAL deal=141 reason=TP price=25323.90000000 pnl=109.09,TS_00070,140,,,0,triple_sigma_pack_step15_q1,triple_sigma_pack_step15_q1,1,RELOADED,81957644,FPMarketsSC-Live,0.2.0,2.0
2026.01.19 06:20:00,US100,entry_logged,trade_id=TS_00071 tx=TX_DEAL deal=142,TS_00071,142,,,0,triple_sigma_pack_step15_q1,triple_sigma_pack_step15_q1,1,RELOADED,81957644,FPMarketsSC-Live,0.2.0,2.0
2026.01.19 07:24:27,US100,exit_logged,trade_id=TS_00071 tx=TX_DEAL deal=143 reason=SL price=25267.90000000 pnl=-10.51,TS_00071,142,,,0,triple_sigma_pack_step15_q1,triple_sigma_pack_step15_q1,1,RELOADED,81957644,FPMarketsSC-Live,0.2.0,2.0
2026.01.19 09:15:00,US100,entry_logged,trade_id=TS_00072 tx=TX_DEAL deal=144,TS_00072,144,,,0,triple_sigma_pack_step15_q1,triple_sigma_pack_step15_q1,1,RELOADED,81957644,FPMarketsSC-Live,0.2.0,2.0
2026.01.19 10:23:10,US100,exit_logged,trade_id=TS_00072 tx=TX_DEAL deal=145 reason=SL price=25271.15000000 pnl=-7.06,TS_00072,144,,,0,triple_sigma_pack_step15_q1,triple_sigma_pack_step15_q1,1,RELOADED,81957644,FPMarketsSC-Live,0.2.0,2.0
2026.01.19 11:10:00,US100,entry_logged,trade_id=TS_00073 tx=TX_DEAL deal=146,TS_00073,146,,,0,triple_sigma_pack_step15_q1,triple_sigma_pack_step15_q1,1,RELOADED,81957644,FPMarketsSC-Live,0.2.0,2.0
2026.01.19 16:35:42,US100,exit_logged,trade_id=TS_00073 tx=TX_DEAL deal=147 reason=TP price=25120.15000000 pnl=41.48,TS_00073,146,,,0,triple_sigma_pack_step15_q1,triple_sigma_pack_step15_q1,1,RELOADED,81957644,FPMarketsSC-Live,0.2.0,2.0
2026.01.19 16:55:00,US100,entry_logged,trade_id=TS_00074 tx=TX_DEAL deal=148,TS_00074,148,,,0,triple_sigma_pack_step15_q1,triple_sigma_pack_step15_q1,1,RELOADED,81957644,FPMarketsSC-Live,0.2.0,2.0
2026.01.20 03:27:31,US100,exit_logged,trade_id=TS_00074 tx=TX_DEAL deal=149 reason=TP price=25294.80000000 pnl=59.90,TS_00074,148,,,0,triple_sigma_pack_step15_q1,triple_sigma_pack_step15_q1,1,RELOADED,81957644,FPMarketsSC-Live,0.2.0,2.0
2026.01.20 07:15:00,US100,entry_logged,trade_id=TS_00075 tx=TX_DEAL deal=150,TS_00075,150,,,0,triple_sigma_pack_step15_q1,triple_sigma_pack_step15_q1,1,RELOADED,81957644,FPMarketsSC-Live,0.2.0,2.0
2026.01.20 07:27:01,US100,exit_logged,trade_id=TS_00075 tx=TX_DEAL deal=151 reason=SL price=25269.90000000 pnl=-8.95,TS_00075,150,,,0,triple_sigma_pack_step15_q1,triple_sigma_pack_step15_q1,1,RELOADED,81957644,FPMarketsSC-Live,0.2.0,2.0
2026.01.20 07:45:00,US100,entry_logged,trade_id=TS_00076 tx=TX_DEAL deal=152,TS_00076,152,,,0,triple_sigma_pack_step15_q1,triple_sigma_pack_step15_q1,1,RELOADED,81957644,FPMarketsSC-Live,0.2.0,2.0
2026.01.20 08:32:47,US100,exit_logged,trade_id=TS_00076 tx=TX_DEAL deal=153 reason=TP price=25154.40000000 pnl=37.22,TS_00076,152,,,0,triple_sigma_pack_step15_q1,triple_sigma_pack_step15_q1,1,RELOADED,81957644,FPMarketsSC-Live,0.2.0,2.0
2026.01.20 09:00:00,US100,entry_logged,trade_id=TS_00077 tx=TX_DEAL deal=154,TS_00077,154,,,0,triple_sigma_pack_step15_q1,triple_sigma_pack_step15_q1,1,RELOADED,81957644,FPMarketsSC-Live,0.2.0,2.0
2026.01.20 10:39:29,US100,exit_logged,trade_id=TS_00077 tx=TX_DEAL deal=155 reason=TP price=25040.15000000 pnl=73.01,TS_00077,154,,,0,triple_sigma_pack_step15_q1,triple_sigma_pack_step15_q1,1,RELOADED,81957644,FPMarketsSC-Live,0.2.0,2.0
2026.01.20 10:55:00,US100,entry_logged,trade_id=TS_00078 tx=TX_DEAL deal=156,TS_00078,156,,,0,triple_sigma_pack_step15_q1,triple_sigma_pack_step15_q1,1,RELOADED,81957644,FPMarketsSC-Live,0.2.0,2.0
2026.01.20 11:33:25,US100,exit_logged,trade_id=TS_00078 tx=TX_DEAL deal=157 reason=TP price=24975.65000000 pnl=38.08,TS_00078,156,,,0,triple_sigma_pack_step15_q1,triple_sigma_pack_step15_q1,1,RELOADED,81957644,FPMarketsSC-Live,0.2.0,2.0
2026.01.20 11:45:00,US100,entry_logged,trade_id=TS_00079 tx=TX_DEAL deal=158,TS_00079,158,,,0,triple_sigma_pack_step15_q1,triple_sigma_pack_step15_q1,1,RELOADED,81957644,FPMarketsSC-Live,0.2.0,2.0
2026.01.20 16:30:11,US100,exit_logged,trade_id=TS_00079 tx=TX_DEAL deal=159 reason=TP price=25167.55000000 pnl=70.41,TS_00079,158,,,0,triple_sigma_pack_step15_q1,triple_sigma_pack_step15_q1,1,RELOADED,81957644,FPMarketsSC-Live,0.2.0,2.0
2026.01.20 16:40:00,US100,entry_logged,trade_id=TS_00080 tx=TX_DEAL deal=160,TS_00080,160,,,0,triple_sigma_pack_step15_q1,triple_sigma_pack_step15_q1,1,RELOADED,81957644,FPMarketsSC-Live,0.2.0,2.0
2026.01.20 16:40:13,US100,exit_logged,trade_id=TS_00080 tx=TX_DEAL deal=161 reason=SL price=25133.30000000 pnl=-9.32,TS_00080,160,,,0,triple_sigma_pack_step15_q1,triple_sigma_pack_step15_q1,1,RELOADED,81957644,FPMarketsSC-Live,0.2.0,2.0
2026.01.20 16:50:00,US100,entry_logged,trade_id=TS_00081 tx=TX_DEAL deal=162,TS_00081,162,,,0,triple_sigma_pack_step15_q1,triple_sigma_pack_step15_q1,1,RELOADED,81957644,FPMarketsSC-Live,0.2.0,2.0
2026.01.20 20:24:19,US100,exit_logged,trade_id=TS_00081 tx=TX_DEAL deal=163 reason=SL price=25125.05000000 pnl=-9.04,TS_00081,162,,,0,triple_sigma_pack_step15_q1,triple_sigma_pack_step15_q1,1,RELOADED,81957644,FPMarketsSC-Live,0.2.0,2.0
2026.01.20 21:40:00,US100,entry_logged,trade_id=TS_00082 tx=TX_DEAL deal=164,TS_00082,164,,,0,triple_sigma_pack_step15_q1,triple_sigma_pack_step15_q1,1,RELOADED,81957644,FPMarketsSC-Live,0.2.0,2.0
2026.01.21 02:40:13,US100,exit_logged,trade_id=TS_00082 tx=TX_DEAL deal=165 reason=SL price=25057.95000000 pnl=-12.50,TS_00082,164,,,0,triple_sigma_pack_step15_q1,triple_sigma_pack_step15_q1,1,RELOADED,81957644,FPMarketsSC-Live,0.2.0,2.0
2026.01.21 10:40:00,US100,entry_logged,trade_id=TS_00083 tx=TX_DEAL deal=166,TS_00083,166,,,0,triple_sigma_pack_step15_q1,triple_sigma_pack_step15_q1,1,RELOADED,81957644,FPMarketsSC-Live,0.2.0,2.0
2026.01.21 13:49:07,US100,exit_logged,trade_id=TS_00083 tx=TX_DEAL deal=167 reason=TP price=24965.00000000 pnl=100.05,TS_00083,166,,,0,triple_sigma_pack_step15_q1,triple_sigma_pack_step15_q1,1,RELOADED,81957644,FPMarketsSC-Live,0.2.0,2.0
2026.01.21 14:25:00,US100,entry_logged,trade_id=TS_00084 tx=TX_DEAL deal=168,TS_00084,168,,,0,triple_sigma_pack_step15_q1,triple_sigma_pack_step15_q1,1,RELOADED,81957644,FPMarketsSC-Live,0.2.0,2.0
2026.01.21 14:30:33,US100,exit_logged,trade_id=TS_00084 tx=TX_DEAL deal=169 reason=SL price=24938.65000000 pnl=-13.67,TS_00084,168,,,0,triple_sigma_pack_step15_q1,triple_sigma_pack_step15_q1,1,RELOADED,81957644,FPMarketsSC-Live,0.2.0,2.0
2026.01.21 14:45:00,US100,entry_logged,trade_id=TS_00085 tx=TX_DEAL deal=170,TS_00085,170,,,0,triple_sigma_pack_step15_q1,triple_sigma_pack_step15_q1,1,RELOADED,81957644,FPMarketsSC-Live,0.2.0,2.0
2026.01.21 16:22:31,US100,exit_logged,trade_id=TS_00085 tx=TX_DEAL deal=171 reason=TP price=25124.65000000 pnl=130.83,TS_00085,170,,,0,triple_sigma_pack_step15_q1,triple_sigma_pack_step15_q1,1,RELOADED,81957644,FPMarketsSC-Live,0.2.0,2.0
2026.01.21 16:40:00,US100,entry_logged,trade_id=TS_00086 tx=TX_DEAL deal=172,TS_00086,172,,,0,triple_sigma_pack_step15_q1,triple_sigma_pack_step15_q1,1,RELOADED,81957644,FPMarketsSC-Live,0.2.0,2.0
2026.01.21 16:40:46,US100,exit_logged,trade_id=TS_00086 tx=TX_DEAL deal=173 reason=SL price=25014.90000000 pnl=-11.43,TS_00086,172,,,0,triple_sigma_pack_step15_q1,triple_sigma_pack_step15_q1,1,RELOADED,81957644,FPMarketsSC-Live,0.2.0,2.0
2026.01.21 17:05:00,US100,entry_logged,trade_id=TS_00087 tx=TX_DEAL deal=174,TS_00087,174,,,0,triple_sigma_pack_step15_q1,triple_sigma_pack_step15_q1,1,RELOADED,81957644,FPMarketsSC-Live,0.2.0,2.0
2026.01.21 18:47:04,US100,exit_logged,trade_id=TS_00087 tx=TX_DEAL deal=175 reason=SL price=25146.75000000 pnl=-10.68,TS_00087,174,,,0,triple_sigma_pack_step15_q1,triple_sigma_pack_step15_q1,1,RELOADED,81957644,FPMarketsSC-Live,0.2.0,2.0
2026.01.21 19:40:00,US100,entry_logged,trade_id=TS_00088 tx=TX_DEAL deal=176,TS_00088,176,,,0,triple_sigma_pack_step15_q1,triple_sigma_pack_step15_q1,1,RELOADED,81957644,FPMarketsSC-Live,0.2.0,2.0
2026.01.21 21:39:22,US100,exit_logged,trade_id=TS_00088 tx=TX_DEAL deal=177 reason=TP price=25394.00000000 pnl=94.40,TS_00088,176,,,0,triple_sigma_pack_step15_q1,triple_sigma_pack_step15_q1,1,RELOADED,81957644,FPMarketsSC-Live,0.2.0,2.0
2026.01.21 22:10:00,US100,entry_logged,trade_id=TS_00089 tx=TX_DEAL deal=178,TS_00089,178,,,0,triple_sigma_pack_step15_q1,triple_sigma_pack_step15_q1,1,RELOADED,81957644,FPMarketsSC-Live,0.2.0,2.0
2026.01.22 05:10:00,US100,exit_logged,trade_id=TS_00089 tx=TX_DEAL deal=179 reason=FORCE_EXIT price=25471.70000000 pnl=0.98,TS_00089,178,FORCE_EXIT,,0,triple_sigma_pack_step15_q1,triple_sigma_pack_step15_q1,1,RELOADED,81957644,FPMarketsSC-Live,0.2.0,2.0
2026.01.22 08:35:00,US100,entry_logged,trade_id=TS_00090 tx=TX_DEAL deal=180,TS_00090,180,,,0,triple_sigma_pack_step15_q1,triple_sigma_pack_step15_q1,1,RELOADED,81957644,FPMarketsSC-Live,0.2.0,2.0
2026.01.22 08:44:07,US100,exit_logged,trade_id=TS_00090 tx=TX_DEAL deal=181 reason=SL price=25405.20000000 pnl=-11.55,TS_00090,180,,,0,triple_sigma_pack_step15_q1,triple_sigma_pack_step15_q1,1,RELOADED,81957644,FPMarketsSC-Live,0.2.0,2.0
2026.01.22 08:50:00,US100,entry_logged,trade_id=TS_00091 tx=TX_DEAL deal=182,TS_00091,182,,,0,triple_sigma_pack_step15_q1,triple_sigma_pack_step15_q1,1,RELOADED,81957644,FPMarketsSC-Live,0.2.0,2.0
2026.01.22 09:40:27,US100,exit_logged,trade_id=TS_00091 tx=TX_DEAL deal=183 reason=SL price=25435.95000000 pnl=-18.02,TS_00091,182,,,0,triple_sigma_pack_step15_q1,triple_sigma_pack_step15_q1,1,RELOADED,81957644,FPMarketsSC-Live,0.2.0,2.0
2026.01.22 11:00:00,US100,entry_logged,trade_id=TS_00092 tx=TX_DEAL deal=184,TS_00092,184,,,0,triple_sigma_pack_step15_q1,triple_sigma_pack_step15_q1,1,RELOADED,81957644,FPMarketsSC-Live,0.2.0,2.0
2026.01.22 15:47:22,US100,exit_logged,trade_id=TS_00092 tx=TX_DEAL deal=185 reason=SL price=25601.20000000 pnl=-15.74,TS_00092,184,,,0,triple_sigma_pack_step15_q1,triple_sigma_pack_step15_q1,1,RELOADED,81957644,FPMarketsSC-Live,0.2.0,2.0
2026.01.22 15:55:00,US100,entry_logged,trade_id=TS_00093 tx=TX_DEAL deal=186,TS_00093,186,,,0,triple_sigma_pack_step15_q1,triple_sigma_pack_step15_q1,1,RELOADED,81957644,FPMarketsSC-Live,0.2.0,2.0
2026.01.22 17:00:09,US100,exit_logged,trade_id=TS_00093 tx=TX_DEAL deal=187 reason=TP price=25431.70000000 pnl=127.60,TS_00093,186,,,0,triple_sigma_pack_step15_q1,triple_sigma_pack_step15_q1,1,RELOADED,81957644,FPMarketsSC-Live,0.2.0,2.0
2026.01.22 18:00:00,US100,entry_logged,trade_id=TS_00094 tx=TX_DEAL deal=188,TS_00094,188,,,0,triple_sigma_pack_step15_q1,triple_sigma_pack_step15_q1,1,RELOADED,81957644,FPMarketsSC-Live,0.2.0,2.0
2026.01.22 18:06:28,US100,exit_logged,trade_id=TS_00094 tx=TX_DEAL deal=189 reason=SL price=25519.95000000 pnl=-12.19,TS_00094,188,,,0,triple_sigma_pack_step15_q1,triple_sigma_pack_step15_q1,1,RELOADED,81957644,FPMarketsSC-Live,0.2.0,2.0
2026.01.22 19:05:00,US100,entry_logged,trade_id=TS_00095 tx=TX_DEAL deal=190,TS_00095,190,,,0,triple_sigma_pack_step15_q1,triple_sigma_pack_step15_q1,1,RELOADED,81957644,FPMarketsSC-Live,0.2.0,2.0
2026.01.22 19:33:13,US100,exit_logged,trade_id=TS_00095 tx=TX_DEAL deal=191 reason=SL price=25583.95000000 pnl=-12.15,TS_00095,190,,,0,triple_sigma_pack_step15_q1,triple_sigma_pack_step15_q1,1,RELOADED,81957644,FPMarketsSC-Live,0.2.0,2.0
2026.01.22 20:05:00,US100,entry_logged,trade_id=TS_00096 tx=TX_DEAL deal=192,TS_00096,192,,,0,triple_sigma_pack_step15_q1,triple_sigma_pack_step15_q1,1,RELOADED,81957644,FPMarketsSC-Live,0.2.0,2.0
2026.01.23 03:05:00,US100,exit_logged,trade_id=TS_00096 tx=TX_DEAL deal=193 reason=FORCE_EXIT price=25554.25000000 pnl=31.87,TS_00096,192,FORCE_EXIT,,0,triple_sigma_pack_step15_q1,triple_sigma_pack_step15_q1,1,RELOADED,81957644,FPMarketsSC-Live,0.2.0,2.0
2026.01.23 11:05:00,US100,entry_logged,trade_id=TS_00097 tx=TX_DEAL deal=194,TS_00097,194,,,0,triple_sigma_pack_step15_q1,triple_sigma_pack_step15_q1,1,RELOADED,81957644,FPMarketsSC-Live,0.2.0,2.0
2026.01.23 13:28:58,US100,exit_logged,trade_id=TS_00097 tx=TX_DEAL deal=195 reason=SL price=25524.25000000 pnl=-12.29,TS_00097,194,,,0,triple_sigma_pack_step15_q1,triple_sigma_pack_step15_q1,1,RELOADED,81957644,FPMarketsSC-Live,0.2.0,2.0
2026.01.23 14:20:00,US100,entry_logged,trade_id=TS_00098 tx=TX_DEAL deal=196,TS_00098,196,,,0,triple_sigma_pack_step15_q1,triple_sigma_pack_step15_q1,1,RELOADED,81957644,FPMarketsSC-Live,0.2.0,2.0
2026.01.23 15:28:04,US100,exit_logged,trade_id=TS_00098 tx=TX_DEAL deal=197 reason=SL price=25462.90000000 pnl=-15.29,TS_00098,196,,,0,triple_sigma_pack_step15_q1,triple_sigma_pack_step15_q1,1,RELOADED,81957644,FPMarketsSC-Live,0.2.0,2.0
2026.01.23 15:35:00,US100,entry_logged,trade_id=TS_00099 tx=TX_DEAL deal=198,TS_00099,198,,,0,triple_sigma_pack_step15_q1,triple_sigma_pack_step15_q1,1,RELOADED,81957644,FPMarketsSC-Live,0.2.0,2.0
2026.01.23 16:28:32,US100,exit_logged,trade_id=TS_00099 tx=TX_DEAL deal=199 reason=SL price=25486.00000000 pnl=-12.38,TS_00099,198,,,0,triple_sigma_pack_step15_q1,triple_sigma_pack_step15_q1,1,RELOADED,81957644,FPMarketsSC-Live,0.2.0,2.0
2026.01.23 17:20:00,US100,entry_logged,trade_id=TS_00100 tx=TX_DEAL deal=200,TS_00100,200,,,0,triple_sigma_pack_step15_q1,triple_sigma_pack_step15_q1,1,RELOADED,81957644,FPMarketsSC-Live,0.2.0,2.0
2026.01.23 23:20:00,US100,exit_logged,trade_id=TS_00100 tx=TX_DEAL deal=201 reason=FORCE_EXIT price=25560.15000000 pnl=-1.82,TS_00100,200,FORCE_EXIT,,0,triple_sigma_pack_step15_q1,triple_sigma_pack_step15_q1,1,RELOADED,81957644,FPMarketsSC-Live,0.2.0,2.0
2026.01.23 23:40:00,US100,entry_logged,trade_id=TS_00101 tx=TX_DEAL deal=202,TS_00101,202,,,0,triple_sigma_pack_step15_q1,triple_sigma_pack_step15_q1,1,RELOADED,81957644,FPMarketsSC-Live,0.2.0,2.0
2026.01.26 01:01:00,US100,exit_logged,trade_id=TS_00101 tx=TX_DEAL deal=203 reason=TP price=25368.20000000 pnl=204.50,TS_00101,202,,,0,triple_sigma_pack_step15_q1,triple_sigma_pack_step15_q1,1,RELOADED,81957644,FPMarketsSC-Live,0.2.0,2.0
2026.01.26 06:30:00,US100,entry_logged,trade_id=TS_00102 tx=TX_DEAL deal=204,TS_00102,204,,,0,triple_sigma_pack_step15_q1,triple_sigma_pack_step15_q1,1,RELOADED,81957644,FPMarketsSC-Live,0.2.0,2.0
2026.01.26 06:32:41,US100,exit_logged,trade_id=TS_00102 tx=TX_DEAL deal=205 reason=SL price=25519.10000000 pnl=-19.06,TS_00102,204,,,0,triple_sigma_pack_step15_q1,triple_sigma_pack_step15_q1,1,RELOADED,81957644,FPMarketsSC-Live,0.2.0,2.0
2026.01.26 07:25:00,US100,entry_logged,trade_id=TS_00103 tx=TX_DEAL deal=206,TS_00103,206,,,0,triple_sigma_pack_step15_q1,triple_sigma_pack_step15_q1,1,RELOADED,81957644,FPMarketsSC-Live,0.2.0,2.0
2026.01.26 11:44:51,US100,exit_logged,trade_id=TS_00103 tx=TX_DEAL deal=207 reason=SL price=25512.10000000 pnl=-13.74,TS_00103,206,,,0,triple_sigma_pack_step15_q1,triple_sigma_pack_step15_q1,1,RELOADED,81957644,FPMarketsSC-Live,0.2.0,2.0
2026.01.26 12:05:00,US100,entry_logged,trade_id=TS_00104 tx=TX_DEAL deal=208,TS_00104,208,,,0,triple_sigma_pack_step15_q1,triple_sigma_pack_step15_q1,1,RELOADED,81957644,FPMarketsSC-Live,0.2.0,2.0
2026.01.26 16:53:46,US100,exit_logged,trade_id=TS_00104 tx=TX_DEAL deal=209 reason=TP price=25725.60000000 pnl=144.66,TS_00104,208,,,0,triple_sigma_pack_step15_q1,triple_sigma_pack_step15_q1,1,RELOADED,81957644,FPMarketsSC-Live,0.2.0,2.0
2026.01.26 17:10:00,US100,entry_logged,trade_id=TS_00105 tx=TX_DEAL deal=210,TS_00105,210,,,0,triple_sigma_pack_step15_q1,triple_sigma_pack_step15_q1,1,RELOADED,81957644,FPMarketsSC-Live,0.2.0,2.0
2026.01.26 23:10:00,US100,exit_logged,trade_id=TS_00105 tx=TX_DEAL deal=211 reason=FORCE_EXIT price=25737.35000000 pnl=10.27,TS_00105,210,FORCE_EXIT,,0,triple_sigma_pack_step15_q1,triple_sigma_pack_step15_q1,1,RELOADED,81957644,FPMarketsSC-Live,0.2.0,2.0
2026.01.26 23:30:00,US100,entry_logged,trade_id=TS_00106 tx=TX_DEAL deal=212,TS_00106,212,,,0,triple_sigma_pack_step15_q1,triple_sigma_pack_step15_q1,1,RELOADED,81957644,FPMarketsSC-Live,0.2.0,2.0
2026.01.27 01:01:13,US100,exit_logged,trade_id=TS_00106 tx=TX_DEAL deal=213 reason=SL price=25737.90000000 pnl=-23.70,TS_00106,212,,,0,triple_sigma_pack_step15_q1,triple_sigma_pack_step15_q1,1,RELOADED,81957644,FPMarketsSC-Live,0.2.0,2.0
2026.01.27 06:25:01,US100,entry_logged,trade_id=TS_00107 tx=TX_DEAL deal=214,TS_00107,214,,,0,triple_sigma_pack_step15_q1,triple_sigma_pack_step15_q1,1,RELOADED,81957644,FPMarketsSC-Live,0.2.0,2.0
2026.01.27 07:06:01,US100,exit_logged,trade_id=TS_00107 tx=TX_DEAL deal=215 reason=SL price=25869.40000000 pnl=-22.51,TS_00107,214,,,0,triple_sigma_pack_step15_q1,triple_sigma_pack_step15_q1,1,RELOADED,81957644,FPMarketsSC-Live,0.2.0,2.0
2026.01.27 07:45:00,US100,entry_logged,trade_id=TS_00108 tx=TX_DEAL deal=216,TS_00108,216,,,0,triple_sigma_pack_step15_q1,triple_sigma_pack_step15_q1,1,RELOADED,81957644,FPMarketsSC-Live,0.2.0,2.0
2026.01.27 10:13:01,US100,exit_logged,trade_id=TS_00108 tx=TX_DEAL deal=217 reason=SL price=25881.15000000 pnl=-24.47,TS_00108,216,,,0,triple_sigma_pack_step15_q1,triple_sigma_pack_step15_q1,1,RELOADED,81957644,FPMarketsSC-Live,0.2.0,2.0
2026.01.27 11:05:00,US100,entry_logged,trade_id=TS_00109 tx=TX_DEAL deal=218,TS_00109,218,,,0,triple_sigma_pack_step15_q1,triple_sigma_pack_step15_q1,1,RELOADED,81957644,FPMarketsSC-Live,0.2.0,2.0
2026.01.27 16:30:21,US100,exit_logged,trade_id=TS_00109 tx=TX_DEAL deal=219 reason=SL price=25859.40000000 pnl=-14.71,TS_00109,218,,,0,triple_sigma_pack_step15_q1,triple_sigma_pack_step15_q1,1,RELOADED,81957644,FPMarketsSC-Live,0.2.0,2.0
2026.01.27 16:45:00,US100,entry_logged,trade_id=TS_00110 tx=TX_DEAL deal=220,TS_00110,220,,,0,triple_sigma_pack_step15_q1,triple_sigma_pack_step15_q1,1,RELOADED,81957644,FPMarketsSC-Live,0.2.0,2.0
2026.01.27 18:19:06,US100,exit_logged,trade_id=TS_00110 tx=TX_DEAL deal=221 reason=TP price=25993.90000000 pnl=160.83,TS_00110,220,,,0,triple_sigma_pack_step15_q1,triple_sigma_pack_step15_q1,1,RELOADED,81957644,FPMarketsSC-Live,0.2.0,2.0
2026.01.27 18:25:00,US100,entry_logged,trade_id=TS_00111 tx=TX_DEAL deal=222,TS_00111,222,,,0,triple_sigma_pack_step15_q1,triple_sigma_pack_step15_q1,1,RELOADED,81957644,FPMarketsSC-Live,0.2.0,2.0
2026.01.27 22:18:02,US100,exit_logged,trade_id=TS_00111 tx=TX_DEAL deal=223 reason=SL price=26005.50000000 pnl=-24.57,TS_00111,222,,,0,triple_sigma_pack_step15_q1,triple_sigma_pack_step15_q1,1,RELOADED,81957644,FPMarketsSC-Live,0.2.0,2.0
2026.01.27 22:25:00,US100,entry_logged,trade_id=TS_00112 tx=TX_DEAL deal=224,TS_00112,224,,,0,triple_sigma_pack_step15_q1,triple_sigma_pack_step15_q1,1,RELOADED,81957644,FPMarketsSC-Live,0.2.0,2.0
2026.01.27 23:41:33,US100,exit_logged,trade_id=TS_00112 tx=TX_DEAL deal=225 reason=SL price=26002.50000000 pnl=-26.78,TS_00112,224,,,0,triple_sigma_pack_step15_q1,triple_sigma_pack_step15_q1,1,RELOADED,81957644,FPMarketsSC-Live,0.2.0,2.0
2026.01.27 23:55:00,US100,entry_logged,trade_id=TS_00113 tx=TX_DEAL deal=226,TS_00113,226,,,0,triple_sigma_pack_step15_q1,triple_sigma_pack_step15_q1,1,RELOADED,81957644,FPMarketsSC-Live,0.2.0,2.0
2026.01.28 03:00:10,US100,exit_logged,trade_id=TS_00113 tx=TX_DEAL deal=227 reason=TP price=26104.80000000 pnl=108.21,TS_00113,226,,,0,triple_sigma_pack_step15_q1,triple_sigma_pack_step15_q1,1,RELOADED,81957644,FPMarketsSC-Live,0.2.0,2.0
2026.01.28 06:20:00,US100,entry_logged,trade_id=TS_00114 tx=TX_DEAL deal=228,TS_00114,228,,,0,triple_sigma_pack_step15_q1,triple_sigma_pack_step15_q1,1,RELOADED,81957644,FPMarketsSC-Live,0.2.0,2.0
2026.01.28 07:10:26,US100,exit_logged,trade_id=TS_00114 tx=TX_DEAL deal=229 reason=SL price=26123.65000000 pnl=-23.30,TS_00114,228,,,0,triple_sigma_pack_step15_q1,triple_sigma_pack_step15_q1,1,RELOADED,81957644,FPMarketsSC-Live,0.2.0,2.0
2026.01.28 07:20:00,US100,entry_logged,trade_id=TS_00115 tx=TX_DEAL deal=230,TS_00115,230,,,0,triple_sigma_pack_step15_q1,triple_sigma_pack_step15_q1,1,RELOADED,81957644,FPMarketsSC-Live,0.2.0,2.0
2026.01.28 07:30:34,US100,exit_logged,trade_id=TS_00115 tx=TX_DEAL deal=231 reason=SL price=26127.65000000 pnl=-26.93,TS_00115,230,,,0,triple_sigma_pack_step15_q1,triple_sigma_pack_step15_q1,1,RELOADED,81957644,FPMarketsSC-Live,0.2.0,2.0
2026.01.28 08:45:00,US100,entry_logged,trade_id=TS_00116 tx=TX_DEAL deal=232,TS_00116,232,,,0,triple_sigma_pack_step15_q1,triple_sigma_pack_step15_q1,1,RELOADED,81957644,FPMarketsSC-Live,0.2.0,2.0
2026.01.28 14:45:00,US100,exit_logged,trade_id=TS_00116 tx=TX_DEAL deal=233 reason=FORCE_EXIT price=26182.40000000 pnl=27.64,TS_00116,232,FORCE_EXIT,,0,triple_sigma_pack_step15_q1,triple_sigma_pack_step15_q1,1,RELOADED,81957644,FPMarketsSC-Live,0.2.0,2.0
2026.01.28 15:10:00,US100,entry_logged,trade_id=TS_00117 tx=TX_DEAL deal=234,TS_00117,234,,,0,triple_sigma_pack_step15_q1,triple_sigma_pack_step15_q1,1,RELOADED,81957644,FPMarketsSC-Live,0.2.0,2.0
2026.01.28 18:51:41,US100,exit_logged,trade_id=TS_00117 tx=TX_DEAL deal=235 reason=TP price=26007.90000000 pnl=123.05,TS_00117,234,,,0,triple_sigma_pack_step15_q1,triple_sigma_pack_step15_q1,1,RELOADED,81957644,FPMarketsSC-Live,0.2.0,2.0
2026.01.28 19:05:00,US100,entry_logged,trade_id=TS_00118 tx=TX_DEAL deal=236,TS_00118,236,,,0,triple_sigma_pack_step15_q1,triple_sigma_pack_step15_q1,1,RELOADED,81957644,FPMarketsSC-Live,0.2.0,2.0
2026.01.28 23:00:40,US100,exit_logged,trade_id=TS_00118 tx=TX_DEAL deal=237 reason=SL price=26000.05000000 pnl=-19.01,TS_00118,236,,,0,triple_sigma_pack_step15_q1,triple_sigma_pack_step15_q1,1,RELOADED,81957644,FPMarketsSC-Live,0.2.0,2.0
2026.01.28 23:55:00,US100,entry_logged,trade_id=TS_00119 tx=TX_DEAL deal=238,TS_00119,238,,,0,triple_sigma_pack_step15_q1,triple_sigma_pack_step15_q1,1,RELOADED,81957644,FPMarketsSC-Live,0.2.0,2.0
2026.01.29 06:55:00,US100,exit_logged,trade_id=TS_00119 tx=TX_DEAL deal=239 reason=FORCE_EXIT price=26125.25000000 pnl=8.32,TS_00119,238,FORCE_EXIT,,0,triple_sigma_pack_step15_q1,triple_sigma_pack_step15_q1,1,RELOADED,81957644,FPMarketsSC-Live,0.2.0,2.0
2026.01.29 07:10:00,US100,entry_logged,trade_id=TS_00120 tx=TX_DEAL deal=240,TS_00120,240,,,0,triple_sigma_pack_step15_q1,triple_sigma_pack_step15_q1,1,RELOADED,81957644,FPMarketsSC-Live,0.2.0,2.0
2026.01.29 07:28:54,US100,exit_logged,trade_id=TS_00120 tx=TX_DEAL deal=241 reason=SL price=26125.50000000 pnl=-18.42,TS_00120,240,,,0,triple_sigma_pack_step15_q1,triple_sigma_pack_step15_q1,1,RELOADED,81957644,FPMarketsSC-Live,0.2.0,2.0
2026.01.29 08:00:00,US100,entry_logged,trade_id=TS_00121 tx=TX_DEAL deal=242,TS_00121,242,,,0,triple_sigma_pack_step15_q1,triple_sigma_pack_step15_q1,1,RELOADED,81957644,FPMarketsSC-Live,0.2.0,2.0
2026.01.29 11:54:24,US100,exit_logged,trade_id=TS_00121 tx=TX_DEAL deal=243 reason=SL price=26118.40000000 pnl=-22.47,TS_00121,242,,,0,triple_sigma_pack_step15_q1,triple_sigma_pack_step15_q1,1,RELOADED,81957644,FPMarketsSC-Live,0.2.0,2.0
2026.01.29 12:10:00,US100,entry_logged,trade_id=TS_00122 tx=TX_DEAL deal=244,TS_00122,244,,,0,triple_sigma_pack_step15_q1,triple_sigma_pack_step15_q1,1,RELOADED,81957644,FPMarketsSC-Live,0.2.0,2.0
2026.01.29 16:36:41,US100,exit_logged,trade_id=TS_00122 tx=TX_DEAL deal=245 reason=TP price=25923.25000000 pnl=150.70,TS_00122,244,,,0,triple_sigma_pack_step15_q1,triple_sigma_pack_step15_q1,1,RELOADED,81957644,FPMarketsSC-Live,0.2.0,2.0
2026.01.29 18:10:00,US100,entry_logged,trade_id=TS_00123 tx=TX_DEAL deal=246,TS_00123,246,,,0,triple_sigma_pack_step15_q1,triple_sigma_pack_step15_q1,1,RELOADED,81957644,FPMarketsSC-Live,0.2.0,2.0
2026.01.29 22:39:03,US100,exit_logged,trade_id=TS_00123 tx=TX_DEAL deal=247 reason=TP price=25799.65000000 pnl=185.85,TS_00123,246,,,0,triple_sigma_pack_step15_q1,triple_sigma_pack_step15_q1,1,RELOADED,81957644,FPMarketsSC-Live,0.2.0,2.0
2026.01.29 23:20:00,US100,entry_logged,trade_id=TS_00124 tx=TX_DEAL deal=248,TS_00124,248,,,0,triple_sigma_pack_step15_q1,triple_sigma_pack_step15_q1,1,RELOADED,81957644,FPMarketsSC-Live,0.2.0,2.0
2026.01.29 23:30:00,US100,exit_logged,trade_id=TS_00124 tx=TX_DEAL deal=249 reason=SL price=25921.90000000 pnl=-31.95,TS_00124,248,,,0,triple_sigma_pack_step15_q1,triple_sigma_pack_step15_q1,1,RELOADED,81957644,FPMarketsSC-Live,0.2.0,2.0
2026.01.29 23:35:00,US100,entry_logged,trade_id=TS_00125 tx=TX_DEAL deal=250,TS_00125,250,,,0,triple_sigma_pack_step15_q1,triple_sigma_pack_step15_q1,1,RELOADED,81957644,FPMarketsSC-Live,0.2.0,2.0
2026.01.30 04:30:20,US100,exit_logged,trade_id=TS_00125 tx=TX_DEAL deal=251 reason=TP price=25637.95000000 pnl=140.33,TS_00125,250,,,0,triple_sigma_pack_step15_q1,triple_sigma_pack_step15_q1,1,RELOADED,81957644,FPMarketsSC-Live,0.2.0,2.0
2026.01.30 07:55:00,US100,entry_logged,trade_id=TS_00126 tx=TX_DEAL deal=252,TS_00126,252,,,0,triple_sigma_pack_step15_q1,triple_sigma_pack_step15_q1,1,RELOADED,81957644,FPMarketsSC-Live,0.2.0,2.0
2026.01.30 08:03:27,US100,exit_logged,trade_id=TS_00126 tx=TX_DEAL deal=253 reason=SL price=25718.35000000 pnl=-23.52,TS_00126,252,,,0,triple_sigma_pack_step15_q1,triple_sigma_pack_step15_q1,1,RELOADED,81957644,FPMarketsSC-Live,0.2.0,2.0
2026.01.30 08:40:00,US100,entry_logged,trade_id=TS_00127 tx=TX_DEAL deal=254,TS_00127,254,,,0,triple_sigma_pack_step15_q1,triple_sigma_pack_step15_q1,1,RELOADED,81957644,FPMarketsSC-Live,0.2.0,2.0
2026.01.30 13:33:30,US100,exit_logged,trade_id=TS_00127 tx=TX_DEAL deal=255 reason=SL price=25730.70000000 pnl=-19.28,TS_00127,254,,,0,triple_sigma_pack_step15_q1,triple_sigma_pack_step15_q1,1,RELOADED,81957644,FPMarketsSC-Live,0.2.0,2.0
2026.01.30 14:10:00,US100,entry_logged,trade_id=TS_00128 tx=TX_DEAL deal=256,TS_00128,256,,,0,triple_sigma_pack_step15_q1,triple_sigma_pack_step15_q1,1,RELOADED,81957644,FPMarketsSC-Live,0.2.0,2.0
2026.01.30 16:30:39,US100,exit_logged,trade_id=TS_00128 tx=TX_DEAL deal=257 reason=SL price=25803.45000000 pnl=-19.57,TS_00128,256,,,0,triple_sigma_pack_step15_q1,triple_sigma_pack_step15_q1,1,RELOADED,81957644,FPMarketsSC-Live,0.2.0,2.0
2026.01.30 19:25:00,US100,entry_logged,trade_id=TS_00129 tx=TX_DEAL deal=258,TS_00129,258,,,0,triple_sigma_pack_step15_q1,triple_sigma_pack_step15_q1,1,RELOADED,81957644,FPMarketsSC-Live,0.2.0,2.0
2026.01.30 19:31:01,US100,exit_logged,trade_id=TS_00129 tx=TX_DEAL deal=259 reason=SL price=25690.70000000 pnl=-26.24,TS_00129,258,,,0,triple_sigma_pack_step15_q1,triple_sigma_pack_step15_q1,1,RELOADED,81957644,FPMarketsSC-Live,0.2.0,2.0
2026.01.30 19:40:00,US100,entry_logged,trade_id=TS_00130 tx=TX_DEAL deal=260,TS_00130,260,,,0,triple_sigma_pack_step15_q1,triple_sigma_pack_step15_q1,1,RELOADED,81957644,FPMarketsSC-Live,0.2.0,2.0
2026.02.02 01:02:06,US100,exit_logged,trade_id=TS_00130 tx=TX_DEAL deal=261 reason=TP price=25346.95000000 pnl=155.09,TS_00130,260,,,0,triple_sigma_pack_step15_q1,triple_sigma_pack_step15_q1,1,RELOADED,81957644,FPMarketsSC-Live,0.2.0,2.0
2026.02.02 06:20:00,US100,entry_logged,trade_id=TS_00131 tx=TX_DEAL deal=262,TS_00131,262,,,0,triple_sigma_pack_step15_q1,triple_sigma_pack_step15_q1,1,RELOADED,81957644,FPMarketsSC-Live,0.2.0,2.0
2026.02.02 07:31:56,US100,exit_logged,trade_id=TS_00131 tx=TX_DEAL deal=263 reason=SL price=25158.85000000 pnl=-32.48,TS_00131,262,,,0,triple_sigma_pack_step15_q1,triple_sigma_pack_step15_q1,1,RELOADED,81957644,FPMarketsSC-Live,0.2.0,2.0
2026.02.02 07:40:00,US100,entry_logged,trade_id=TS_00132 tx=TX_DEAL deal=264,TS_00132,264,,,0,triple_sigma_pack_step15_q1,triple_sigma_pack_step15_q1,1,RELOADED,81957644,FPMarketsSC-Live,0.2.0,2.0
2026.02.02 08:10:46,US100,exit_logged,trade_id=TS_00132 tx=TX_DEAL deal=265 reason=SL price=25121.85000000 pnl=-28.23,TS_00132,264,,,0,triple_sigma_pack_step15_q1,triple_sigma_pack_step15_q1,1,RELOADED,81957644,FPMarketsSC-Live,0.2.0,2.0
2026.02.02 08:30:00,US100,entry_logged,trade_id=TS_00133 tx=TX_DEAL deal=266,TS_00133,266,,,0,triple_sigma_pack_step15_q1,triple_sigma_pack_step15_q1,1,RELOADED,81957644,FPMarketsSC-Live,0.2.0,2.0
2026.02.02 14:26:00,US100,exit_logged,trade_id=TS_00133 tx=TX_DEAL deal=267 reason=TP price=25415.85000000 pnl=150.10,TS_00133,266,,,0,triple_sigma_pack_step15_q1,triple_sigma_pack_step15_q1,1,RELOADED,81957644,FPMarketsSC-Live,0.2.0,2.0
2026.02.02 14:40:00,US100,entry_logged,trade_id=TS_00134 tx=TX_DEAL deal=268,TS_00134,268,,,0,triple_sigma_pack_step15_q1,triple_sigma_pack_step15_q1,1,RELOADED,81957644,FPMarketsSC-Live,0.2.0,2.0
2026.02.02 14:58:28,US100,exit_logged,trade_id=TS_00134 tx=TX_DEAL deal=269 reason=SL price=25380.35000000 pnl=-29.89,TS_00134,268,,,0,triple_sigma_pack_step15_q1,triple_sigma_pack_step15_q1,1,RELOADED,81957644,FPMarketsSC-Live,0.2.0,2.0
2026.02.02 15:10:00,US100,entry_logged,trade_id=TS_00135 tx=TX_DEAL deal=270,TS_00135,270,,,0,triple_sigma_pack_step15_q1,triple_sigma_pack_step15_q1,1,RELOADED,81957644,FPMarketsSC-Live,0.2.0,2.0
2026.02.02 16:36:36,US100,exit_logged,trade_id=TS_00135 tx=TX_DEAL deal=271 reason=TP price=25617.10000000 pnl=167.83,TS_00135,270,,,0,triple_sigma_pack_step15_q1,triple_sigma_pack_step15_q1,1,RELOADED,81957644,FPMarketsSC-Live,0.2.0,2.0
2026.02.02 17:45:00,US100,entry_logged,trade_id=TS_00136 tx=TX_DEAL deal=272,TS_00136,272,,,0,triple_sigma_pack_step15_q1,triple_sigma_pack_step15_q1,1,RELOADED,81957644,FPMarketsSC-Live,0.2.0,2.0
2026.02.02 17:56:56,US100,exit_logged,trade_id=TS_00136 tx=TX_DEAL deal=273 reason=SL price=25730.85000000 pnl=-21.87,TS_00136,272,,,0,triple_sigma_pack_step15_q1,triple_sigma_pack_step15_q1,1,RELOADED,81957644,FPMarketsSC-Live,0.2.0,2.0
2026.02.02 18:05:00,US100,entry_logged,trade_id=TS_00137 tx=TX_DEAL deal=274,TS_00137,274,,,0,triple_sigma_pack_step15_q1,triple_sigma_pack_step15_q1,1,RELOADED,81957644,FPMarketsSC-Live,0.2.0,2.0
2026.02.03 01:05:00,US100,exit_logged,trade_id=TS_00137 tx=TX_DEAL deal=275 reason=FORCE_EXIT price=25812.30000000 pnl=86.04,TS_00137,274,FORCE_EXIT,,0,triple_sigma_pack_step15_q1,triple_sigma_pack_step15_q1,1,RELOADED,81957644,FPMarketsSC-Live,0.2.0,2.0
2026.02.03 06:55:00,US100,entry_logged,trade_id=TS_00138 tx=TX_DEAL deal=276,TS_00138,276,,,0,triple_sigma_pack_step15_q1,triple_sigma_pack_step15_q1,1,RELOADED,81957644,FPMarketsSC-Live,0.2.0,2.0
2026.02.03 07:49:44,US100,exit_logged,trade_id=TS_00138 tx=TX_DEAL deal=277 reason=SL price=25901.90000000 pnl=-35.62,TS_00138,276,,,0,triple_sigma_pack_step15_q1,triple_sigma_pack_step15_q1,1,RELOADED,81957644,FPMarketsSC-Live,0.2.0,2.0
2026.02.03 08:30:00,US100,entry_logged,trade_id=TS_00139 tx=TX_DEAL deal=278,TS_00139,278,,,0,triple_sigma_pack_step15_q1,triple_sigma_pack_step15_q1,1,RELOADED,81957644,FPMarketsSC-Live,0.2.0,2.0
2026.02.03 10:51:47,US100,exit_logged,trade_id=TS_00139 tx=TX_DEAL deal=279 reason=SL price=25882.20000000 pnl=-36.93,TS_00139,278,,,0,triple_sigma_pack_step15_q1,triple_sigma_pack_step15_q1,1,RELOADED,81957644,FPMarketsSC-Live,0.2.0,2.0
2026.02.03 11:40:00,US100,entry_logged,trade_id=TS_00140 tx=TX_DEAL deal=280,TS_00140,280,,,0,triple_sigma_pack_step15_q1,triple_sigma_pack_step15_q1,1,RELOADED,81957644,FPMarketsSC-Live,0.2.0,2.0
2026.02.03 12:05:29,US100,exit_logged,trade_id=TS_00140 tx=TX_DEAL deal=281 reason=SL price=25894.55000000 pnl=-22.12,TS_00140,280,,,0,triple_sigma_pack_step15_q1,triple_sigma_pack_step15_q1,1,RELOADED,81957644,FPMarketsSC-Live,0.2.0,2.0
2026.02.03 12:35:00,US100,entry_logged,trade_id=TS_00141 tx=TX_DEAL deal=282,TS_00141,282,,,0,triple_sigma_pack_step15_q1,triple_sigma_pack_step15_q1,1,RELOADED,81957644,FPMarketsSC-Live,0.2.0,2.0
2026.02.03 14:30:18,US100,exit_logged,trade_id=TS_00141 tx=TX_DEAL deal=283 reason=SL price=25898.65000000 pnl=-36.82,TS_00141,282,,,0,triple_sigma_pack_step15_q1,triple_sigma_pack_step15_q1,1,RELOADED,81957644,FPMarketsSC-Live,0.2.0,2.0
2026.02.03 15:05:00,US100,entry_logged,trade_id=TS_00142 tx=TX_DEAL deal=284,TS_00142,284,,,0,triple_sigma_pack_step15_q1,triple_sigma_pack_step15_q1,1,RELOADED,81957644,FPMarketsSC-Live,0.2.0,2.0
2026.02.03 15:08:02,US100,exit_logged,trade_id=TS_00142 tx=TX_DEAL deal=285 reason=SL price=25906.65000000 pnl=-23.68,TS_00142,284,,,0,triple_sigma_pack_step15_q1,triple_sigma_pack_step15_q1,1,RELOADED,81957644,FPMarketsSC-Live,0.2.0,2.0
2026.02.03 15:35:00,US100,entry_logged,trade_id=TS_00143 tx=TX_DEAL deal=286,TS_00143,286,,,0,triple_sigma_pack_step15_q1,triple_sigma_pack_step15_q1,1,RELOADED,81957644,FPMarketsSC-Live,0.2.0,2.0
2026.02.03 16:31:57,US100,exit_logged,trade_id=TS_00143 tx=TX_DEAL deal=287 reason=TP price=25793.90000000 pnl=191.66,TS_00143,286,,,0,triple_sigma_pack_step15_q1,triple_sigma_pack_step15_q1,1,RELOADED,81957644,FPMarketsSC-Live,0.2.0,2.0
2026.02.03 17:40:00,US100,entry_logged,trade_id=TS_00144 tx=TX_DEAL deal=288,TS_00144,288,,,0,triple_sigma_pack_step15_q1,triple_sigma_pack_step15_q1,1,RELOADED,81957644,FPMarketsSC-Live,0.2.0,2.0
2026.02.03 17:50:58,US100,exit_logged,trade_id=TS_00144 tx=TX_DEAL deal=289 reason=SL price=25524.15000000 pnl=-26.14,TS_00144,288,,,0,triple_sigma_pack_step15_q1,triple_sigma_pack_step15_q1,1,RELOADED,81957644,FPMarketsSC-Live,0.2.0,2.0
2026.02.03 18:00:00,US100,entry_logged,trade_id=TS_00145 tx=TX_DEAL deal=290,TS_00145,290,,,0,triple_sigma_pack_step15_q1,triple_sigma_pack_step15_q1,1,RELOADED,81957644,FPMarketsSC-Live,0.2.0,2.0
2026.02.03 20:42:38,US100,exit_logged,trade_id=TS_00145 tx=TX_DEAL deal=291 reason=TP price=25197.40000000 pnl=135.83,TS_00145,290,,,0,triple_sigma_pack_step15_q1,triple_sigma_pack_step15_q1,1,RELOADED,81957644,FPMarketsSC-Live,0.2.0,2.0
2026.02.03 20:50:00,US100,entry_logged,trade_id=TS_00146 tx=TX_DEAL deal=292,TS_00146,292,,,0,triple_sigma_pack_step15_q1,triple_sigma_pack_step15_q1,1,RELOADED,81957644,FPMarketsSC-Live,0.2.0,2.0
2026.02.03 20:59:59,US100,exit_logged,trade_id=TS_00146 tx=TX_DEAL deal=293 reason=SL price=25154.05000000 pnl=-34.35,TS_00146,292,,,0,triple_sigma_pack_step15_q1,triple_sigma_pack_step15_q1,1,RELOADED,81957644,FPMarketsSC-Live,0.2.0,2.0
2026.02.03 21:10:00,US100,entry_logged,trade_id=TS_00147 tx=TX_DEAL deal=294,TS_00147,294,,,0,triple_sigma_pack_step15_q1,triple_sigma_pack_step15_q1,1,RELOADED,81957644,FPMarketsSC-Live,0.2.0,2.0
2026.02.03 22:38:37,US100,exit_logged,trade_id=TS_00147 tx=TX_DEAL deal=295 reason=TP price=25325.55000000 pnl=234.88,TS_00147,294,,,0,triple_sigma_pack_step15_q1,triple_sigma_pack_step15_q1,1,RELOADED,81957644,FPMarketsSC-Live,0.2.0,2.0
2026.02.04 06:50:00,US100,entry_logged,trade_id=TS_00148 tx=TX_DEAL deal=296,TS_00148,296,,,0,triple_sigma_pack_step15_q1,triple_sigma_pack_step15_q1,1,RELOADED,81957644,FPMarketsSC-Live,0.2.0,2.0
2026.02.04 07:07:50,US100,exit_logged,trade_id=TS_00148 tx=TX_DEAL deal=297 reason=SL price=25330.25000000 pnl=-34.40,TS_00148,296,,,0,triple_sigma_pack_step15_q1,triple_sigma_pack_step15_q1,1,RELOADED,81957644,FPMarketsSC-Live,0.2.0,2.0
2026.02.04 10:00:00,US100,entry_logged,trade_id=TS_00149 tx=TX_DEAL deal=298,TS_00149,298,,,0,triple_sigma_pack_step15_q1,triple_sigma_pack_step15_q1,1,RELOADED,81957644,FPMarketsSC-Live,0.2.0,2.0
2026.02.04 10:26:54,US100,exit_logged,trade_id=TS_00149 tx=TX_DEAL deal=299 reason=TP price=25327.10000000 pnl=217.98,TS_00149,298,,,0,triple_sigma_pack_step15_q1,triple_sigma_pack_step15_q1,1,RELOADED,81957644,FPMarketsSC-Live,0.2.0,2.0
2026.02.04 11:05:00,US100,entry_logged,trade_id=TS_00150 tx=TX_DEAL deal=300,TS_00150,300,,,0,triple_sigma_pack_step15_q1,triple_sigma_pack_step15_q1,1,RELOADED,81957644,FPMarketsSC-Live,0.2.0,2.0
2026.02.04 13:35:30,US100,exit_logged,trade_id=TS_00150 tx=TX_DEAL deal=301 reason=SL price=25380.10000000 pnl=-26.51,TS_00150,300,,,0,triple_sigma_pack_step15_q1,triple_sigma_pack_step15_q1,1,RELOADED,81957644,FPMarketsSC-Live,0.2.0,2.0
2026.02.04 13:45:00,US100,entry_logged,trade_id=TS_00151 tx=TX_DEAL deal=302,TS_00151,302,,,0,triple_sigma_pack_step15_q1,triple_sigma_pack_step15_q1,1,RELOADED,81957644,FPMarketsSC-Live,0.2.0,2.0
2026.02.04 14:01:25,US100,exit_logged,trade_id=TS_00151 tx=TX_DEAL deal=303 reason=SL price=25401.10000000 pnl=-30.96,TS_00151,302,,,0,triple_sigma_pack_step15_q1,triple_sigma_pack_step15_q1,1,RELOADED,81957644,FPMarketsSC-Live,0.2.0,2.0
2026.02.04 14:15:00,US100,entry_logged,trade_id=TS_00152 tx=TX_DEAL deal=304,TS_00152,304,,,0,triple_sigma_pack_step15_q1,triple_sigma_pack_step15_q1,1,RELOADED,81957644,FPMarketsSC-Live,0.2.0,2.0
2026.02.04 16:31:02,US100,exit_logged,trade_id=TS_00152 tx=TX_DEAL deal=305 reason=TP price=25200.60000000 pnl=241.26,TS_00152,304,,,0,triple_sigma_pack_step15_q1,triple_sigma_pack_step15_q1,1,RELOADED,81957644,FPMarketsSC-Live,0.2.0,2.0
2026.02.04 16:40:00,US100,entry_logged,trade_id=TS_00153 tx=TX_DEAL deal=306,TS_00153,306,,,0,triple_sigma_pack_step15_q1,triple_sigma_pack_step15_q1,1,RELOADED,81957644,FPMarketsSC-Live,0.2.0,2.0
2026.02.04 18:19:34,US100,exit_logged,trade_id=TS_00153 tx=TX_DEAL deal=307 reason=TP price=24959.00000000 pnl=213.18,TS_00153,306,,,0,triple_sigma_pack_step15_q1,triple_sigma_pack_step15_q1,1,RELOADED,81957644,FPMarketsSC-Live,0.2.0,2.0
2026.02.04 18:25:00,US100,entry_logged,trade_id=TS_00154 tx=TX_DEAL deal=308,TS_00154,308,,,0,triple_sigma_pack_step15_q1,triple_sigma_pack_step15_q1,1,RELOADED,81957644,FPMarketsSC-Live,0.2.0,2.0
2026.02.04 19:40:07,US100,exit_logged,trade_id=TS_00154 tx=TX_DEAL deal=309 reason=TP price=24721.75000000 pnl=153.20,TS_00154,308,,,0,triple_sigma_pack_step15_q1,triple_sigma_pack_step15_q1,1,RELOADED,81957644,FPMarketsSC-Live,0.2.0,2.0
2026.02.04 19:55:00,US100,entry_logged,trade_id=TS_00155 tx=TX_DEAL deal=310,TS_00155,310,,,0,triple_sigma_pack_step15_q1,triple_sigma_pack_step15_q1,1,RELOADED,81957644,FPMarketsSC-Live,0.2.0,2.0
2026.02.04 23:33:44,US100,exit_logged,trade_id=TS_00155 tx=TX_DEAL deal=311 reason=TP price=25057.15000000 pnl=274.95,TS_00155,310,,,0,triple_sigma_pack_step15_q1,triple_sigma_pack_step15_q1,1,RELOADED,81957644,FPMarketsSC-Live,0.2.0,2.0
2026.02.04 23:50:00,US100,entry_logged,trade_id=TS_00156 tx=TX_DEAL deal=312,TS_00156,312,,,0,triple_sigma_pack_step15_q1,triple_sigma_pack_step15_q1,1,RELOADED,81957644,FPMarketsSC-Live,0.2.0,2.0
2026.02.05 06:50:00,US100,exit_logged,trade_id=TS_00156 tx=TX_DEAL deal=313 reason=FORCE_EXIT price=24928.80000000 pnl=80.98,TS_00156,312,FORCE_EXIT,,0,triple_sigma_pack_step15_q1,triple_sigma_pack_step15_q1,1,RELOADED,81957644,FPMarketsSC-Live,0.2.0,2.0
2026.02.05 10:35:00,US100,entry_logged,trade_id=TS_00157 tx=TX_DEAL deal=314,TS_00157,314,,,0,triple_sigma_pack_step15_q1,triple_sigma_pack_step15_q1,1,RELOADED,81957644,FPMarketsSC-Live,0.2.0,2.0
2026.02.05 14:42:53,US100,exit_logged,trade_id=TS_00157 tx=TX_DEAL deal=315 reason=TP price=24722.80000000 pnl=308.73,TS_00157,314,,,0,triple_sigma_pack_step15_q1,triple_sigma_pack_step15_q1,1,RELOADED,81957644,FPMarketsSC-Live,0.2.0,2.0
2026.02.05 15:10:00,US100,entry_logged,trade_id=TS_00158 tx=TX_DEAL deal=316,TS_00158,316,,,0,triple_sigma_pack_step15_q1,triple_sigma_pack_step15_q1,1,RELOADED,81957644,FPMarketsSC-Live,0.2.0,2.0
2026.02.05 16:40:57,US100,exit_logged,trade_id=TS_00158 tx=TX_DEAL deal=317 reason=SL price=24826.30000000 pnl=-44.86,TS_00158,316,,,0,triple_sigma_pack_step15_q1,triple_sigma_pack_step15_q1,1,RELOADED,81957644,FPMarketsSC-Live,0.2.0,2.0
2026.02.05 17:45:00,US100,entry_logged,trade_id=TS_00159 tx=TX_DEAL deal=318,TS_00159,318,,,0,triple_sigma_pack_step15_q1,triple_sigma_pack_step15_q1,1,RELOADED,81957644,FPMarketsSC-Live,0.2.0,2.0
2026.02.05 18:27:05,US100,exit_logged,trade_id=TS_00159 tx=TX_DEAL deal=319 reason=SL price=24670.05000000 pnl=-36.16,TS_00159,318,,,0,triple_sigma_pack_step15_q1,triple_sigma_pack_step15_q1,1,RELOADED,81957644,FPMarketsSC-Live,0.2.0,2.0
2026.02.05 20:30:00,US100,entry_logged,trade_id=TS_00160 tx=TX_DEAL deal=320,TS_00160,320,,,0,triple_sigma_pack_step15_q1,triple_sigma_pack_step15_q1,1,RELOADED,81957644,FPMarketsSC-Live,0.2.0,2.0
2026.02.05 21:12:02,US100,exit_logged,trade_id=TS_00160 tx=TX_DEAL deal=321 reason=SL price=24712.80000000 pnl=-35.76,TS_00160,320,,,0,triple_sigma_pack_step15_q1,triple_sigma_pack_step15_q1,1,RELOADED,81957644,FPMarketsSC-Live,0.2.0,2.0
2026.02.05 21:35:00,US100,entry_logged,trade_id=TS_00161 tx=TX_DEAL deal=322,TS_00161,322,,,0,triple_sigma_pack_step15_q1,triple_sigma_pack_step15_q1,1,RELOADED,81957644,FPMarketsSC-Live,0.2.0,2.0
2026.02.05 22:08:03,US100,exit_logged,trade_id=TS_00161 tx=TX_DEAL deal=323 reason=SL price=24700.55000000 pnl=-47.62,TS_00161,322,,,0,triple_sigma_pack_step15_q1,triple_sigma_pack_step15_q1,1,RELOADED,81957644,FPMarketsSC-Live,0.2.0,2.0
2026.02.05 22:20:00,US100,entry_logged,trade_id=TS_00162 tx=TX_DEAL deal=324,TS_00162,324,,,0,triple_sigma_pack_step15_q1,triple_sigma_pack_step15_q1,1,RELOADED,81957644,FPMarketsSC-Live,0.2.0,2.0
2026.02.05 23:59:58,US100,deinit,,TS_00162,324,,,0,triple_sigma_pack_step15_q1,triple_sigma_pack_step15_q1,1,RELOADED,81957644,FPMarketsSC-Live,0.2.0,2.0
